Speed,Direction,Treatment,SameSide,Children,Pedestrians,Hour,Visibility,Location,Date,DayofWeek,Observer,Direction2,ReformattedDate,CityID,Cluster,Block
26,s,0,1,0,0,1400,Clear,A,7/1/2017,7,Scott,s,701,OR,OR-A-0701-1400-0,OR-A-0701-1400
30,s,0,1,0,0,1400,Clear,A,7/1/2017,7,Scott,s,701,OR,OR-A-0701-1400-0,OR-A-0701-1400
27,s,0,1,0,0,1400,Clear,A,7/1/2017,7,Scott,s,701,OR,OR-A-0701-1400-0,OR-A-0701-1400
31,n,0,0,0,0,1400,Clear,A,7/1/2017,7,Scott,n,701,OR,OR-A-0701-1400-0,OR-A-0701-1400
26,n,0,0,0,0,1400,Clear,A,7/1/2017,7,Scott,n,701,OR,OR-A-0701-1400-0,OR-A-0701-1400
26,n,0,0,0,0,1400,Clear,A,7/1/2017,7,Scott,n,701,OR,OR-A-0701-1400-0,OR-A-0701-1400
28,s,0,1,0,0,1400,Clear,A,7/1/2017,7,Scott,s,701,OR,OR-A-0701-1400-0,OR-A-0701-1400
35,n,0,0,0,0,1400,Clear,A,7/1/2017,7,Scott,n,701,OR,OR-A-0701-1400-0,OR-A-0701-1400
33,n,0,0,0,0,1400,Clear,A,7/1/2017,7,Scott,n,701,OR,OR-A-0701-1400-0,OR-A-0701-1400
25,s,0,1,0,0,1400,Clear,A,7/1/2017,7,Scott,s,701,OR,OR-A-0701-1400-0,OR-A-0701-1400
25,n,0,0,0,0,1400,Clear,A,7/1/2017,7,Scott,n,701,OR,OR-A-0701-1400-0,OR-A-0701-1400
25,s,0,1,0,0,1400,Clear,A,7/1/2017,7,Scott,s,701,OR,OR-A-0701-1400-0,OR-A-0701-1400
22,n,0,0,0,1,1400,Clear,A,7/1/2017,7,Scott,n,701,OR,OR-A-0701-1400-0,OR-A-0701-1400
21,n,0,0,0,1,1400,Clear,A,7/1/2017,7,Scott,n,701,OR,OR-A-0701-1400-0,OR-A-0701-1400
25,n,0,0,0,0,1400,Clear,A,7/1/2017,7,Scott,n,701,OR,OR-A-0701-1400-0,OR-A-0701-1400
27,n,0,0,0,0,1400,Clear,A,7/1/2017,7,Scott,n,701,OR,OR-A-0701-1400-0,OR-A-0701-1400
22,n,0,0,0,0,1400,Clear,A,7/1/2017,7,Scott,n,701,OR,OR-A-0701-1400-0,OR-A-0701-1400
24,s,0,1,0,0,1400,Clear,A,7/1/2017,7,Scott,s,701,OR,OR-A-0701-1400-0,OR-A-0701-1400
31,s,0,1,0,0,1400,Clear,A,7/1/2017,7,Scott,s,701,OR,OR-A-0701-1400-0,OR-A-0701-1400
24,s,0,1,0,0,1400,Clear,A,7/1/2017,7,Scott,s,701,OR,OR-A-0701-1400-0,OR-A-0701-1400
27,s,0,1,0,0,1400,Clear,A,7/1/2017,7,Scott,s,701,OR,OR-A-0701-1400-0,OR-A-0701-1400
31,s,0,1,0,0,1400,Clear,A,7/1/2017,7,Scott,s,701,OR,OR-A-0701-1400-0,OR-A-0701-1400
29,s,0,1,0,0,1400,Clear,A,7/1/2017,7,Scott,s,701,OR,OR-A-0701-1400-0,OR-A-0701-1400
27,s,0,1,0,0,1400,Clear,A,7/1/2017,7,Scott,s,701,OR,OR-A-0701-1400-0,OR-A-0701-1400
23,s,0,1,0,0,1400,Clear,A,7/1/2017,7,Scott,s,701,OR,OR-A-0701-1400-0,OR-A-0701-1400
28,n,1,0,0,0,1400,Clear,A,7/1/2017,7,Scott,n,701,OR,OR-A-0701-1400-1,OR-A-0701-1400
25,s,1,1,0,0,1400,Clear,A,7/1/2017,7,Scott,s,701,OR,OR-A-0701-1400-1,OR-A-0701-1400
24,n,1,0,0,0,1400,Clear,A,7/1/2017,7,Scott,n,701,OR,OR-A-0701-1400-1,OR-A-0701-1400
28,s,1,1,0,0,1400,Clear,A,7/1/2017,7,Scott,s,701,OR,OR-A-0701-1400-1,OR-A-0701-1400
27,n,1,0,0,0,1400,Clear,A,7/1/2017,7,Scott,n,701,OR,OR-A-0701-1400-1,OR-A-0701-1400
29,n,1,0,0,0,1400,Clear,A,7/1/2017,7,Scott,n,701,OR,OR-A-0701-1400-1,OR-A-0701-1400
28,n,1,0,0,0,1400,Clear,A,7/1/2017,7,Scott,n,701,OR,OR-A-0701-1400-1,OR-A-0701-1400
27,n,1,0,0,0,1400,Clear,A,7/1/2017,7,Scott,n,701,OR,OR-A-0701-1400-1,OR-A-0701-1400
21,n,1,0,0,0,1400,Clear,A,7/1/2017,7,Scott,n,701,OR,OR-A-0701-1400-1,OR-A-0701-1400
25,n,1,0,0,0,1400,Clear,A,7/1/2017,7,Scott,n,701,OR,OR-A-0701-1400-1,OR-A-0701-1400
25,s,1,1,0,0,1400,Clear,A,7/1/2017,7,Scott,s,701,OR,OR-A-0701-1400-1,OR-A-0701-1400
25,n,1,0,0,0,1400,Clear,A,7/1/2017,7,Scott,n,701,OR,OR-A-0701-1400-1,OR-A-0701-1400
27,s,1,1,0,0,1400,Clear,A,7/1/2017,7,Scott,s,701,OR,OR-A-0701-1400-1,OR-A-0701-1400
25,s,1,1,0,0,1400,Clear,A,7/1/2017,7,Scott,s,701,OR,OR-A-0701-1400-1,OR-A-0701-1400
23,s,1,1,0,0,1400,Clear,A,7/1/2017,7,Scott,s,701,OR,OR-A-0701-1400-1,OR-A-0701-1400
25,s,1,1,0,0,1400,Clear,A,7/1/2017,7,Scott,s,701,OR,OR-A-0701-1400-1,OR-A-0701-1400
24,s,1,1,0,0,1400,Clear,A,7/1/2017,7,Scott,s,701,OR,OR-A-0701-1400-1,OR-A-0701-1400
19,n,1,0,0,1,1400,Clear,A,7/1/2017,7,Scott,n,701,OR,OR-A-0701-1400-1,OR-A-0701-1400
24,n,1,0,0,1,1400,Clear,A,7/1/2017,7,Scott,n,701,OR,OR-A-0701-1400-1,OR-A-0701-1400
30,n,1,0,0,1,1400,Clear,A,7/1/2017,7,Scott,n,701,OR,OR-A-0701-1400-1,OR-A-0701-1400
28,s,1,1,0,0,1400,Clear,A,7/1/2017,7,Scott,s,701,OR,OR-A-0701-1400-1,OR-A-0701-1400
28,s,1,1,0,1,1400,Clear,A,7/1/2017,7,Scott,s,701,OR,OR-A-0701-1400-1,OR-A-0701-1400
22,s,1,1,0,0,1400,Clear,A,7/1/2017,7,Scott,s,701,OR,OR-A-0701-1400-1,OR-A-0701-1400
26,n,1,0,0,0,1400,Clear,A,7/1/2017,7,Scott,n,701,OR,OR-A-0701-1400-1,OR-A-0701-1400
28,n,1,0,0,0,1400,Clear,A,7/1/2017,7,Scott,n,701,OR,OR-A-0701-1400-1,OR-A-0701-1400
18,n,1,0,0,0,1400,Clear,A,7/1/2017,7,Scott,n,701,OR,OR-A-0701-1400-1,OR-A-0701-1400
28,s,1,1,0,0,1400,Clear,A,7/1/2017,7,Scott,s,701,OR,OR-A-0701-1400-1,OR-A-0701-1400
25,n,1,0,0,0,1400,Clear,A,7/1/2017,7,Scott,n,701,OR,OR-A-0701-1400-1,OR-A-0701-1400
20,n,1,0,0,0,1400,Clear,A,7/1/2017,7,Scott,n,701,OR,OR-A-0701-1400-1,OR-A-0701-1400
21,n,1,0,0,0,1400,Clear,A,7/1/2017,7,Scott,n,701,OR,OR-A-0701-1400-1,OR-A-0701-1400
20,n,1,0,0,0,1400,Clear,A,7/1/2017,7,Scott,n,701,OR,OR-A-0701-1400-1,OR-A-0701-1400
29,s,1,1,0,0,1400,Clear,A,7/1/2017,7,Scott,s,701,OR,OR-A-0701-1400-1,OR-A-0701-1400
28,s,1,1,0,0,1400,Clear,A,7/1/2017,7,Scott,s,701,OR,OR-A-0701-1400-1,OR-A-0701-1400
28,s,1,1,0,0,1400,Clear,A,7/1/2017,7,Scott,s,701,OR,OR-A-0701-1400-1,OR-A-0701-1400
17,s,1,1,0,0,1400,Clear,A,7/1/2017,7,Scott,s,701,OR,OR-A-0701-1400-1,OR-A-0701-1400
25,n,1,0,0,0,1400,Clear,A,7/1/2017,7,Scott,n,701,OR,OR-A-0701-1400-1,OR-A-0701-1400
15,n,1,0,0,0,1400,Clear,A,7/1/2017,7,Scott,n,701,OR,OR-A-0701-1400-1,OR-A-0701-1400
24,n,0,0,0,0,1500,Clear,A,7/1/2017,7,Scott,n,701,OR,OR-A-0701-1500-0,OR-A-0701-1500
27,n,0,0,0,0,1500,Clear,A,7/1/2017,7,Scott,n,701,OR,OR-A-0701-1500-0,OR-A-0701-1500
25,n,0,0,0,0,1500,Clear,A,7/1/2017,7,Scott,n,701,OR,OR-A-0701-1500-0,OR-A-0701-1500
28,n,0,0,0,0,1500,Clear,A,7/1/2017,7,Scott,n,701,OR,OR-A-0701-1500-0,OR-A-0701-1500
27,s,0,1,0,0,1500,Clear,A,7/1/2017,7,Scott,s,701,OR,OR-A-0701-1500-0,OR-A-0701-1500
26,s,0,1,0,0,1500,Clear,A,7/1/2017,7,Scott,s,701,OR,OR-A-0701-1500-0,OR-A-0701-1500
26,n,0,0,0,0,1500,Clear,A,7/1/2017,7,Scott,n,701,OR,OR-A-0701-1500-0,OR-A-0701-1500
28,s,0,1,0,0,1500,Clear,A,7/1/2017,7,Scott,s,701,OR,OR-A-0701-1500-0,OR-A-0701-1500
31,n,0,0,0,0,1500,Clear,A,7/1/2017,7,Scott,n,701,OR,OR-A-0701-1500-0,OR-A-0701-1500
27,s,0,1,0,0,1500,Clear,A,7/1/2017,7,Scott,s,701,OR,OR-A-0701-1500-0,OR-A-0701-1500
23,s,0,1,0,0,1500,Clear,A,7/1/2017,7,Scott,s,701,OR,OR-A-0701-1500-0,OR-A-0701-1500
28,s,0,1,0,0,1500,Clear,A,7/1/2017,7,Scott,s,701,OR,OR-A-0701-1500-0,OR-A-0701-1500
26,n,0,0,0,0,1500,Clear,A,7/1/2017,7,Scott,n,701,OR,OR-A-0701-1500-0,OR-A-0701-1500
30,s,0,1,0,0,1500,Clear,A,7/1/2017,7,Scott,s,701,OR,OR-A-0701-1500-0,OR-A-0701-1500
28,s,0,1,0,0,1500,Clear,A,7/1/2017,7,Scott,s,701,OR,OR-A-0701-1500-0,OR-A-0701-1500
30,s,0,1,0,0,1500,Clear,A,7/1/2017,7,Scott,s,701,OR,OR-A-0701-1500-0,OR-A-0701-1500
23,n,0,0,0,0,1500,Clear,A,7/1/2017,7,Scott,n,701,OR,OR-A-0701-1500-0,OR-A-0701-1500
34,s,0,1,0,0,1500,Clear,A,7/1/2017,7,Scott,s,701,OR,OR-A-0701-1500-0,OR-A-0701-1500
30,n,0,0,0,0,1500,Clear,A,7/1/2017,7,Scott,n,701,OR,OR-A-0701-1500-0,OR-A-0701-1500
28,s,0,1,0,0,1500,Clear,A,7/1/2017,7,Scott,s,701,OR,OR-A-0701-1500-0,OR-A-0701-1500
44,s,0,1,0,0,1500,Clear,A,7/1/2017,7,Scott,s,701,OR,OR-A-0701-1500-0,OR-A-0701-1500
32,n,0,0,0,0,1500,Clear,A,7/1/2017,7,Scott,n,701,OR,OR-A-0701-1500-0,OR-A-0701-1500
28,s,0,1,0,0,1500,Clear,A,7/1/2017,7,Scott,s,701,OR,OR-A-0701-1500-0,OR-A-0701-1500
30,s,0,1,0,0,1500,Clear,A,7/1/2017,7,Scott,s,701,OR,OR-A-0701-1500-0,OR-A-0701-1500
27,n,0,0,0,0,1500,Clear,A,7/1/2017,7,Scott,n,701,OR,OR-A-0701-1500-0,OR-A-0701-1500
25,s,1,1,0,0,1500,Clear,A,7/1/2017,7,Scott,s,701,OR,OR-A-0701-1500-1,OR-A-0701-1500
33,s,1,1,0,0,1500,Clear,A,7/1/2017,7,Scott,s,701,OR,OR-A-0701-1500-1,OR-A-0701-1500
19,s,1,1,0,0,1500,Clear,A,7/1/2017,7,Scott,s,701,OR,OR-A-0701-1500-1,OR-A-0701-1500
25,n,1,0,0,0,1500,Clear,A,7/1/2017,7,Scott,n,701,OR,OR-A-0701-1500-1,OR-A-0701-1500
25,n,1,0,0,0,1500,Clear,A,7/1/2017,7,Scott,n,701,OR,OR-A-0701-1500-1,OR-A-0701-1500
25,s,1,1,0,0,1500,Clear,A,7/1/2017,7,Scott,s,701,OR,OR-A-0701-1500-1,OR-A-0701-1500
28,n,1,0,0,0,1500,Clear,A,7/1/2017,7,Scott,n,701,OR,OR-A-0701-1500-1,OR-A-0701-1500
26,s,1,1,0,0,1500,Clear,A,7/1/2017,7,Scott,s,701,OR,OR-A-0701-1500-1,OR-A-0701-1500
24,s,1,1,0,0,1500,Clear,A,7/1/2017,7,Scott,s,701,OR,OR-A-0701-1500-1,OR-A-0701-1500
20,s,1,1,0,0,1500,Clear,A,7/1/2017,7,Scott,s,701,OR,OR-A-0701-1500-1,OR-A-0701-1500
15,s,1,1,0,0,1500,Clear,A,7/1/2017,7,Scott,s,701,OR,OR-A-0701-1500-1,OR-A-0701-1500
27,n,1,0,0,0,1500,Clear,A,7/1/2017,7,Scott,n,701,OR,OR-A-0701-1500-1,OR-A-0701-1500
24,s,1,1,0,1,1500,Clear,A,7/1/2017,7,Scott,s,701,OR,OR-A-0701-1500-1,OR-A-0701-1500
33,s,1,1,0,0,1500,Clear,A,7/1/2017,7,Scott,s,701,OR,OR-A-0701-1500-1,OR-A-0701-1500
20,n,1,0,0,0,1500,Clear,A,7/1/2017,7,Scott,n,701,OR,OR-A-0701-1500-1,OR-A-0701-1500
20,n,1,0,0,0,1500,Clear,A,7/1/2017,7,Scott,n,701,OR,OR-A-0701-1500-1,OR-A-0701-1500
25,n,1,0,0,0,1500,Clear,A,7/1/2017,7,Scott,n,701,OR,OR-A-0701-1500-1,OR-A-0701-1500
23,s,1,1,0,0,1500,Clear,A,7/1/2017,7,Scott,s,701,OR,OR-A-0701-1500-1,OR-A-0701-1500
20,s,1,1,0,0,1500,Clear,A,7/1/2017,7,Scott,s,701,OR,OR-A-0701-1500-1,OR-A-0701-1500
33,n,1,0,0,0,1500,Clear,A,7/1/2017,7,Scott,n,701,OR,OR-A-0701-1500-1,OR-A-0701-1500
27,n,1,0,0,0,1500,Clear,A,7/1/2017,7,Scott,n,701,OR,OR-A-0701-1500-1,OR-A-0701-1500
21,n,1,0,0,0,1500,Clear,A,7/1/2017,7,Scott,n,701,OR,OR-A-0701-1500-1,OR-A-0701-1500
27,s,1,1,0,0,1500,Clear,A,7/1/2017,7,Scott,s,701,OR,OR-A-0701-1500-1,OR-A-0701-1500
26,n,1,0,0,0,1500,Clear,A,7/1/2017,7,Scott,n,701,OR,OR-A-0701-1500-1,OR-A-0701-1500
27,e,0,0,0,0,1400,Clear,B,7/9/2017,1,Scott,e,709,OR,OR-B-0709-1400-0,OR-B-0709-1400
37,w,0,1,0,0,1400,Clear,B,7/9/2017,1,Scott,w,709,OR,OR-B-0709-1400-0,OR-B-0709-1400
26,e,0,0,0,0,1400,Clear,B,7/9/2017,1,Scott,e,709,OR,OR-B-0709-1400-0,OR-B-0709-1400
27,w,0,1,0,0,1400,Clear,B,7/9/2017,1,Scott,w,709,OR,OR-B-0709-1400-0,OR-B-0709-1400
25,e,0,0,0,0,1400,Clear,B,7/9/2017,1,Scott,e,709,OR,OR-B-0709-1400-0,OR-B-0709-1400
27,e,0,0,0,0,1400,Clear,B,7/9/2017,1,Scott,e,709,OR,OR-B-0709-1400-0,OR-B-0709-1400
25,w,0,1,0,0,1400,Clear,B,7/9/2017,1,Scott,w,709,OR,OR-B-0709-1400-0,OR-B-0709-1400
27,e,0,0,0,0,1400,Clear,B,7/9/2017,1,Scott,e,709,OR,OR-B-0709-1400-0,OR-B-0709-1400
29,w,0,1,0,0,1400,Clear,B,7/9/2017,1,Scott,w,709,OR,OR-B-0709-1400-0,OR-B-0709-1400
28,e,0,0,0,0,1400,Clear,B,7/9/2017,1,Scott,e,709,OR,OR-B-0709-1400-0,OR-B-0709-1400
29,w,0,1,0,0,1400,Clear,B,7/9/2017,1,Scott,w,709,OR,OR-B-0709-1400-0,OR-B-0709-1400
21,w,0,1,0,0,1400,Clear,B,7/9/2017,1,Scott,w,709,OR,OR-B-0709-1400-0,OR-B-0709-1400
30,e,0,0,0,0,1400,Clear,B,7/9/2017,1,Scott,e,709,OR,OR-B-0709-1400-0,OR-B-0709-1400
31,e,0,0,0,0,1400,Clear,B,7/9/2017,1,Scott,e,709,OR,OR-B-0709-1400-0,OR-B-0709-1400
26,w,0,1,0,0,1400,Clear,B,7/9/2017,1,Scott,w,709,OR,OR-B-0709-1400-0,OR-B-0709-1400
27,e,0,0,0,0,1400,Clear,B,7/9/2017,1,Scott,e,709,OR,OR-B-0709-1400-0,OR-B-0709-1400
36,e,0,0,0,0,1400,Clear,B,7/9/2017,1,Scott,e,709,OR,OR-B-0709-1400-0,OR-B-0709-1400
27,e,0,0,0,0,1400,Clear,B,7/9/2017,1,Scott,e,709,OR,OR-B-0709-1400-0,OR-B-0709-1400
29,w,0,1,0,0,1400,Clear,B,7/9/2017,1,Scott,w,709,OR,OR-B-0709-1400-0,OR-B-0709-1400
28,e,0,0,0,0,1400,Clear,B,7/9/2017,1,Scott,e,709,OR,OR-B-0709-1400-0,OR-B-0709-1400
35,w,0,1,0,0,1400,Clear,B,7/9/2017,1,Scott,w,709,OR,OR-B-0709-1400-0,OR-B-0709-1400
25,w,0,1,0,0,1400,Clear,B,7/9/2017,1,Scott,w,709,OR,OR-B-0709-1400-0,OR-B-0709-1400
26,e,0,0,0,0,1400,Clear,B,7/9/2017,1,Scott,e,709,OR,OR-B-0709-1400-0,OR-B-0709-1400
24,w,0,1,0,0,1400,Clear,B,7/9/2017,1,Scott,w,709,OR,OR-B-0709-1400-0,OR-B-0709-1400
30,e,0,0,0,0,1400,Clear,B,7/9/2017,1,Scott,e,709,OR,OR-B-0709-1400-0,OR-B-0709-1400
28,e,0,0,0,0,1400,Clear,B,7/9/2017,1,Scott,e,709,OR,OR-B-0709-1400-0,OR-B-0709-1400
30,w,0,1,0,0,1400,Clear,B,7/9/2017,1,Scott,w,709,OR,OR-B-0709-1400-0,OR-B-0709-1400
28,e,0,0,0,0,1400,Clear,B,7/9/2017,1,Scott,e,709,OR,OR-B-0709-1400-0,OR-B-0709-1400
28,w,0,1,0,0,1400,Clear,B,7/9/2017,1,Scott,w,709,OR,OR-B-0709-1400-0,OR-B-0709-1400
24,w,0,1,0,0,1400,Clear,B,7/9/2017,1,Scott,w,709,OR,OR-B-0709-1400-0,OR-B-0709-1400
31,e,0,0,0,0,1400,Clear,B,7/9/2017,1,Scott,e,709,OR,OR-B-0709-1400-0,OR-B-0709-1400
24,e,0,0,0,0,1400,Clear,B,7/9/2017,1,Scott,e,709,OR,OR-B-0709-1400-0,OR-B-0709-1400
28,e,0,0,0,0,1400,Clear,B,7/9/2017,1,Scott,e,709,OR,OR-B-0709-1400-0,OR-B-0709-1400
21,w,1,1,0,0,1400,Clear,B,7/9/2017,1,Scott,w,709,OR,OR-B-0709-1400-1,OR-B-0709-1400
25,e,1,0,0,0,1400,Clear,B,7/9/2017,1,Scott,e,709,OR,OR-B-0709-1400-1,OR-B-0709-1400
27,w,1,1,0,0,1400,Clear,B,7/9/2017,1,Scott,w,709,OR,OR-B-0709-1400-1,OR-B-0709-1400
28,w,1,1,0,0,1400,Clear,B,7/9/2017,1,Scott,w,709,OR,OR-B-0709-1400-1,OR-B-0709-1400
30,e,1,0,0,0,1400,Clear,B,7/9/2017,1,Scott,e,709,OR,OR-B-0709-1400-1,OR-B-0709-1400
28,w,1,1,0,0,1400,Clear,B,7/9/2017,1,Scott,w,709,OR,OR-B-0709-1400-1,OR-B-0709-1400
20,w,1,1,0,0,1400,Clear,B,7/9/2017,1,Scott,w,709,OR,OR-B-0709-1400-1,OR-B-0709-1400
25,w,1,1,0,0,1400,Clear,B,7/9/2017,1,Scott,w,709,OR,OR-B-0709-1400-1,OR-B-0709-1400
27,e,1,0,0,0,1400,Clear,B,7/9/2017,1,Scott,e,709,OR,OR-B-0709-1400-1,OR-B-0709-1400
28,e,1,0,0,0,1400,Clear,B,7/9/2017,1,Scott,e,709,OR,OR-B-0709-1400-1,OR-B-0709-1400
26,w,1,1,0,0,1400,Clear,B,7/9/2017,1,Scott,w,709,OR,OR-B-0709-1400-1,OR-B-0709-1400
31,w,1,1,0,0,1400,Clear,B,7/9/2017,1,Scott,w,709,OR,OR-B-0709-1400-1,OR-B-0709-1400
35,e,1,0,0,0,1400,Clear,B,7/9/2017,1,Scott,e,709,OR,OR-B-0709-1400-1,OR-B-0709-1400
24,w,1,1,0,0,1400,Clear,B,7/9/2017,1,Scott,w,709,OR,OR-B-0709-1400-1,OR-B-0709-1400
23,w,1,1,0,0,1400,Clear,B,7/9/2017,1,Scott,w,709,OR,OR-B-0709-1400-1,OR-B-0709-1400
29,w,1,1,0,0,1400,Clear,B,7/9/2017,1,Scott,w,709,OR,OR-B-0709-1400-1,OR-B-0709-1400
30,e,1,0,0,0,1400,Clear,B,7/9/2017,1,Scott,e,709,OR,OR-B-0709-1400-1,OR-B-0709-1400
26,e,1,0,0,0,1400,Clear,B,7/9/2017,1,Scott,e,709,OR,OR-B-0709-1400-1,OR-B-0709-1400
23,w,1,1,0,0,1400,Clear,B,7/9/2017,1,Scott,w,709,OR,OR-B-0709-1400-1,OR-B-0709-1400
25,w,1,1,0,0,1400,Clear,B,7/9/2017,1,Scott,w,709,OR,OR-B-0709-1400-1,OR-B-0709-1400
31,e,1,0,0,0,1400,Clear,B,7/9/2017,1,Scott,e,709,OR,OR-B-0709-1400-1,OR-B-0709-1400
28,w,1,1,0,0,1400,Clear,B,7/9/2017,1,Scott,w,709,OR,OR-B-0709-1400-1,OR-B-0709-1400
31,w,1,1,0,0,1400,Clear,B,7/9/2017,1,Scott,w,709,OR,OR-B-0709-1400-1,OR-B-0709-1400
31,w,1,1,0,0,1400,Clear,B,7/9/2017,1,Scott,w,709,OR,OR-B-0709-1400-1,OR-B-0709-1400
18,w,1,1,0,0,1400,Clear,B,7/9/2017,1,Scott,w,709,OR,OR-B-0709-1400-1,OR-B-0709-1400
26,e,1,0,0,0,1400,Clear,B,7/9/2017,1,Scott,e,709,OR,OR-B-0709-1400-1,OR-B-0709-1400
24,w,1,1,0,0,1400,Clear,B,7/9/2017,1,Scott,w,709,OR,OR-B-0709-1400-1,OR-B-0709-1400
28,w,1,1,0,0,1400,Clear,B,7/9/2017,1,Scott,w,709,OR,OR-B-0709-1400-1,OR-B-0709-1400
37,e,1,0,0,0,1400,Clear,B,7/9/2017,1,Scott,e,709,OR,OR-B-0709-1400-1,OR-B-0709-1400
22,e,1,0,0,0,1400,Clear,B,7/9/2017,1,Scott,e,709,OR,OR-B-0709-1400-1,OR-B-0709-1400
19,w,1,1,0,0,1400,Clear,B,7/9/2017,1,Scott,w,709,OR,OR-B-0709-1400-1,OR-B-0709-1400
28,w,1,1,0,0,1400,Clear,B,7/9/2017,1,Scott,w,709,OR,OR-B-0709-1400-1,OR-B-0709-1400
25,w,1,1,0,0,1400,Clear,B,7/9/2017,1,Scott,w,709,OR,OR-B-0709-1400-1,OR-B-0709-1400
30,w,1,1,0,0,1400,Clear,B,7/9/2017,1,Scott,w,709,OR,OR-B-0709-1400-1,OR-B-0709-1400
24,e,1,0,0,0,1400,Clear,B,7/9/2017,1,Scott,e,709,OR,OR-B-0709-1400-1,OR-B-0709-1400
26,e,1,0,0,0,1400,Clear,B,7/9/2017,1,Scott,e,709,OR,OR-B-0709-1400-1,OR-B-0709-1400
29,e,1,0,0,0,1400,Clear,B,7/9/2017,1,Scott,e,709,OR,OR-B-0709-1400-1,OR-B-0709-1400
27,w,1,1,0,0,1400,Clear,B,7/9/2017,1,Scott,w,709,OR,OR-B-0709-1400-1,OR-B-0709-1400
28,w,1,1,0,0,1400,Clear,B,7/9/2017,1,Scott,w,709,OR,OR-B-0709-1400-1,OR-B-0709-1400
21,w,1,1,0,0,1400,Clear,B,7/9/2017,1,Scott,w,709,OR,OR-B-0709-1400-1,OR-B-0709-1400
30,w,1,1,0,0,1400,Clear,B,7/9/2017,1,Scott,w,709,OR,OR-B-0709-1400-1,OR-B-0709-1400
42,e,1,0,0,0,1400,Clear,B,7/9/2017,1,Scott,e,709,OR,OR-B-0709-1400-1,OR-B-0709-1400
31,e,1,0,0,0,1400,Clear,B,7/9/2017,1,Scott,e,709,OR,OR-B-0709-1400-1,OR-B-0709-1400
32,e,1,0,0,0,1400,Clear,B,7/9/2017,1,Scott,e,709,OR,OR-B-0709-1400-1,OR-B-0709-1400
22,w,1,1,0,0,1400,Clear,B,7/9/2017,1,Scott,w,709,OR,OR-B-0709-1400-1,OR-B-0709-1400
25,w,1,1,0,0,1400,Clear,B,7/9/2017,1,Scott,w,709,OR,OR-B-0709-1400-1,OR-B-0709-1400
30,e,1,0,0,0,1400,Clear,B,7/9/2017,1,Scott,e,709,OR,OR-B-0709-1400-1,OR-B-0709-1400
26,w,1,1,0,0,1400,Clear,B,7/9/2017,1,Scott,w,709,OR,OR-B-0709-1400-1,OR-B-0709-1400
30,w,1,1,0,0,1400,Clear,B,7/9/2017,1,Scott,w,709,OR,OR-B-0709-1400-1,OR-B-0709-1400
27,e,1,0,0,0,1400,Clear,B,7/9/2017,1,Scott,e,709,OR,OR-B-0709-1400-1,OR-B-0709-1400
37,w,1,1,0,0,1400,Clear,B,7/9/2017,1,Scott,w,709,OR,OR-B-0709-1400-1,OR-B-0709-1400
29,e,1,0,0,0,1400,Clear,B,7/9/2017,1,Scott,e,709,OR,OR-B-0709-1400-1,OR-B-0709-1400
27,e,1,0,0,0,1400,Clear,B,7/9/2017,1,Scott,e,709,OR,OR-B-0709-1400-1,OR-B-0709-1400
35,w,1,1,0,0,1400,Clear,B,7/9/2017,1,Scott,w,709,OR,OR-B-0709-1400-1,OR-B-0709-1400
22,w,0,1,0,0,1500,Clear,B,7/9/2017,1,Scott,w,709,OR,OR-B-0709-1500-0,OR-B-0709-1500
28,w,0,1,0,0,1500,Clear,B,7/9/2017,1,Scott,w,709,OR,OR-B-0709-1500-0,OR-B-0709-1500
34,e,0,0,0,0,1500,Clear,B,7/9/2017,1,Scott,e,709,OR,OR-B-0709-1500-0,OR-B-0709-1500
28,w,0,1,0,0,1500,Clear,B,7/9/2017,1,Scott,w,709,OR,OR-B-0709-1500-0,OR-B-0709-1500
31,e,0,0,0,0,1500,Clear,B,7/9/2017,1,Scott,e,709,OR,OR-B-0709-1500-0,OR-B-0709-1500
24,e,0,0,0,0,1500,Clear,B,7/9/2017,1,Scott,e,709,OR,OR-B-0709-1500-0,OR-B-0709-1500
29,w,0,1,0,0,1500,Clear,B,7/9/2017,1,Scott,w,709,OR,OR-B-0709-1500-0,OR-B-0709-1500
29,e,0,0,0,0,1500,Clear,B,7/9/2017,1,Scott,e,709,OR,OR-B-0709-1500-0,OR-B-0709-1500
27,w,0,1,0,0,1500,Clear,B,7/9/2017,1,Scott,w,709,OR,OR-B-0709-1500-0,OR-B-0709-1500
30,e,0,0,0,0,1500,Clear,B,7/9/2017,1,Scott,e,709,OR,OR-B-0709-1500-0,OR-B-0709-1500
30,e,0,0,0,0,1500,Clear,B,7/9/2017,1,Scott,e,709,OR,OR-B-0709-1500-0,OR-B-0709-1500
30,w,0,1,0,0,1500,Clear,B,7/9/2017,1,Scott,w,709,OR,OR-B-0709-1500-0,OR-B-0709-1500
20,w,0,1,0,0,1500,Clear,B,7/9/2017,1,Scott,w,709,OR,OR-B-0709-1500-0,OR-B-0709-1500
28,w,0,1,0,0,1500,Clear,B,7/9/2017,1,Scott,w,709,OR,OR-B-0709-1500-0,OR-B-0709-1500
29,w,0,1,0,0,1500,Clear,B,7/9/2017,1,Scott,w,709,OR,OR-B-0709-1500-0,OR-B-0709-1500
27,w,0,1,0,0,1500,Clear,B,7/9/2017,1,Scott,w,709,OR,OR-B-0709-1500-0,OR-B-0709-1500
32,e,0,0,0,0,1500,Clear,B,7/9/2017,1,Scott,e,709,OR,OR-B-0709-1500-0,OR-B-0709-1500
31,e,0,0,0,0,1500,Clear,B,7/9/2017,1,Scott,e,709,OR,OR-B-0709-1500-0,OR-B-0709-1500
32,e,0,0,0,0,1500,Clear,B,7/9/2017,1,Scott,e,709,OR,OR-B-0709-1500-0,OR-B-0709-1500
22,w,0,1,0,0,1500,Clear,B,7/9/2017,1,Scott,w,709,OR,OR-B-0709-1500-0,OR-B-0709-1500
31,e,0,0,0,0,1500,Clear,B,7/9/2017,1,Scott,e,709,OR,OR-B-0709-1500-0,OR-B-0709-1500
29,e,0,0,0,0,1500,Clear,B,7/9/2017,1,Scott,e,709,OR,OR-B-0709-1500-0,OR-B-0709-1500
26,w,0,1,0,0,1500,Clear,B,7/9/2017,1,Scott,w,709,OR,OR-B-0709-1500-0,OR-B-0709-1500
28,w,0,1,0,0,1500,Clear,B,7/9/2017,1,Scott,w,709,OR,OR-B-0709-1500-0,OR-B-0709-1500
24,w,0,1,0,0,1500,Clear,B,7/9/2017,1,Scott,w,709,OR,OR-B-0709-1500-0,OR-B-0709-1500
26,w,0,1,0,0,1500,Clear,B,7/9/2017,1,Scott,w,709,OR,OR-B-0709-1500-0,OR-B-0709-1500
30,e,0,0,0,0,1500,Clear,B,7/9/2017,1,Scott,e,709,OR,OR-B-0709-1500-0,OR-B-0709-1500
32,e,0,0,0,0,1500,Clear,B,7/9/2017,1,Scott,e,709,OR,OR-B-0709-1500-0,OR-B-0709-1500
27,e,0,0,0,0,1500,Clear,B,7/9/2017,1,Scott,e,709,OR,OR-B-0709-1500-0,OR-B-0709-1500
27,w,0,1,0,0,1500,Clear,B,7/9/2017,1,Scott,w,709,OR,OR-B-0709-1500-0,OR-B-0709-1500
30,e,0,0,0,0,1500,Clear,B,7/9/2017,1,Scott,e,709,OR,OR-B-0709-1500-0,OR-B-0709-1500
30,w,0,1,0,0,1500,Clear,B,7/9/2017,1,Scott,w,709,OR,OR-B-0709-1500-0,OR-B-0709-1500
30,w,0,1,0,0,1500,Clear,B,7/9/2017,1,Scott,w,709,OR,OR-B-0709-1500-0,OR-B-0709-1500
25,w,0,1,0,0,1500,Clear,B,7/9/2017,1,Scott,w,709,OR,OR-B-0709-1500-0,OR-B-0709-1500
32,e,0,0,0,0,1500,Clear,B,7/9/2017,1,Scott,e,709,OR,OR-B-0709-1500-0,OR-B-0709-1500
23,e,0,0,0,0,1500,Clear,B,7/9/2017,1,Scott,e,709,OR,OR-B-0709-1500-0,OR-B-0709-1500
27,w,0,1,0,0,1500,Clear,B,7/9/2017,1,Scott,w,709,OR,OR-B-0709-1500-0,OR-B-0709-1500
26,w,0,1,0,0,1500,Clear,B,7/9/2017,1,Scott,w,709,OR,OR-B-0709-1500-0,OR-B-0709-1500
29,e,0,0,0,0,1500,Clear,B,7/9/2017,1,Scott,e,709,OR,OR-B-0709-1500-0,OR-B-0709-1500
30,e,0,0,0,0,1500,Clear,B,7/9/2017,1,Scott,e,709,OR,OR-B-0709-1500-0,OR-B-0709-1500
29,w,0,1,0,0,1500,Clear,B,7/9/2017,1,Scott,w,709,OR,OR-B-0709-1500-0,OR-B-0709-1500
28,w,0,1,0,0,1500,Clear,B,7/9/2017,1,Scott,w,709,OR,OR-B-0709-1500-0,OR-B-0709-1500
27,e,0,0,0,0,1500,Clear,B,7/9/2017,1,Scott,e,709,OR,OR-B-0709-1500-0,OR-B-0709-1500
28,e,0,0,0,0,1500,Clear,B,7/9/2017,1,Scott,e,709,OR,OR-B-0709-1500-0,OR-B-0709-1500
22,w,0,1,0,0,1500,Clear,B,7/9/2017,1,Scott,w,709,OR,OR-B-0709-1500-0,OR-B-0709-1500
24,w,0,1,0,0,1500,Clear,B,7/9/2017,1,Scott,w,709,OR,OR-B-0709-1500-0,OR-B-0709-1500
32,e,0,0,0,0,1500,Clear,B,7/9/2017,1,Scott,e,709,OR,OR-B-0709-1500-0,OR-B-0709-1500
27,w,0,1,0,0,1500,Clear,B,7/9/2017,1,Scott,w,709,OR,OR-B-0709-1500-0,OR-B-0709-1500
35,e,0,0,0,0,1500,Clear,B,7/9/2017,1,Scott,e,709,OR,OR-B-0709-1500-0,OR-B-0709-1500
23,w,0,1,0,0,1500,Clear,B,7/9/2017,1,Scott,w,709,OR,OR-B-0709-1500-0,OR-B-0709-1500
33,e,1,0,0,0,1500,Clear,B,7/9/2017,1,Scott,e,709,OR,OR-B-0709-1500-1,OR-B-0709-1500
25,e,1,0,0,0,1500,Clear,B,7/9/2017,1,Scott,e,709,OR,OR-B-0709-1500-1,OR-B-0709-1500
28,w,1,1,0,0,1500,Clear,B,7/9/2017,1,Scott,w,709,OR,OR-B-0709-1500-1,OR-B-0709-1500
24,w,1,1,0,0,1500,Clear,B,7/9/2017,1,Scott,w,709,OR,OR-B-0709-1500-1,OR-B-0709-1500
27,w,1,1,0,0,1500,Clear,B,7/9/2017,1,Scott,w,709,OR,OR-B-0709-1500-1,OR-B-0709-1500
21,w,1,1,0,0,1500,Clear,B,7/9/2017,1,Scott,w,709,OR,OR-B-0709-1500-1,OR-B-0709-1500
25,e,1,0,0,0,1500,Clear,B,7/9/2017,1,Scott,e,709,OR,OR-B-0709-1500-1,OR-B-0709-1500
23,w,1,1,0,0,1500,Clear,B,7/9/2017,1,Scott,w,709,OR,OR-B-0709-1500-1,OR-B-0709-1500
24,w,1,1,0,0,1500,Clear,B,7/9/2017,1,Scott,w,709,OR,OR-B-0709-1500-1,OR-B-0709-1500
23,w,1,1,0,0,1500,Clear,B,7/9/2017,1,Scott,w,709,OR,OR-B-0709-1500-1,OR-B-0709-1500
26,e,1,0,0,0,1500,Clear,B,7/9/2017,1,Scott,e,709,OR,OR-B-0709-1500-1,OR-B-0709-1500
27,e,1,0,0,0,1500,Clear,B,7/9/2017,1,Scott,e,709,OR,OR-B-0709-1500-1,OR-B-0709-1500
28,e,1,0,0,0,1500,Clear,B,7/9/2017,1,Scott,e,709,OR,OR-B-0709-1500-1,OR-B-0709-1500
25,w,1,1,0,0,1500,Clear,B,7/9/2017,1,Scott,w,709,OR,OR-B-0709-1500-1,OR-B-0709-1500
26,e,1,0,0,0,1500,Clear,B,7/9/2017,1,Scott,e,709,OR,OR-B-0709-1500-1,OR-B-0709-1500
30,w,1,1,0,0,1500,Clear,B,7/9/2017,1,Scott,w,709,OR,OR-B-0709-1500-1,OR-B-0709-1500
26,e,1,0,0,0,1500,Clear,B,7/9/2017,1,Scott,e,709,OR,OR-B-0709-1500-1,OR-B-0709-1500
30,e,1,0,0,0,1500,Clear,B,7/9/2017,1,Scott,e,709,OR,OR-B-0709-1500-1,OR-B-0709-1500
26,w,1,1,0,0,1500,Clear,B,7/9/2017,1,Scott,w,709,OR,OR-B-0709-1500-1,OR-B-0709-1500
30,e,1,0,0,0,1500,Clear,B,7/9/2017,1,Scott,e,709,OR,OR-B-0709-1500-1,OR-B-0709-1500
44,w,1,1,0,0,1500,Clear,B,7/9/2017,1,Scott,w,709,OR,OR-B-0709-1500-1,OR-B-0709-1500
33,e,1,0,0,0,1500,Clear,B,7/9/2017,1,Scott,e,709,OR,OR-B-0709-1500-1,OR-B-0709-1500
23,w,1,1,0,0,1500,Clear,B,7/9/2017,1,Scott,w,709,OR,OR-B-0709-1500-1,OR-B-0709-1500
28,w,1,1,0,0,1500,Clear,B,7/9/2017,1,Scott,w,709,OR,OR-B-0709-1500-1,OR-B-0709-1500
28,w,1,1,0,0,1500,Clear,B,7/9/2017,1,Scott,w,709,OR,OR-B-0709-1500-1,OR-B-0709-1500
25,w,1,1,0,0,1500,Clear,B,7/9/2017,1,Scott,w,709,OR,OR-B-0709-1500-1,OR-B-0709-1500
24,e,1,0,0,0,1500,Clear,B,7/9/2017,1,Scott,e,709,OR,OR-B-0709-1500-1,OR-B-0709-1500
24,w,1,1,0,0,1500,Clear,B,7/9/2017,1,Scott,w,709,OR,OR-B-0709-1500-1,OR-B-0709-1500
26,w,1,1,0,0,1500,Clear,B,7/9/2017,1,Scott,w,709,OR,OR-B-0709-1500-1,OR-B-0709-1500
25,w,1,1,0,0,1500,Clear,B,7/9/2017,1,Scott,w,709,OR,OR-B-0709-1500-1,OR-B-0709-1500
23,e,1,0,0,0,1500,Clear,B,7/9/2017,1,Scott,e,709,OR,OR-B-0709-1500-1,OR-B-0709-1500
31,e,1,0,0,0,1500,Clear,B,7/9/2017,1,Scott,e,709,OR,OR-B-0709-1500-1,OR-B-0709-1500
30,e,1,0,0,0,1500,Clear,B,7/9/2017,1,Scott,e,709,OR,OR-B-0709-1500-1,OR-B-0709-1500
23,w,1,1,0,0,1500,Clear,B,7/9/2017,1,Scott,w,709,OR,OR-B-0709-1500-1,OR-B-0709-1500
29,w,1,1,0,0,1500,Clear,B,7/9/2017,1,Scott,w,709,OR,OR-B-0709-1500-1,OR-B-0709-1500
25,w,1,1,0,0,1500,Clear,B,7/9/2017,1,Scott,w,709,OR,OR-B-0709-1500-1,OR-B-0709-1500
23,e,1,0,0,0,1500,Clear,B,7/9/2017,1,Scott,e,709,OR,OR-B-0709-1500-1,OR-B-0709-1500
28,w,1,1,0,0,1500,Clear,B,7/9/2017,1,Scott,w,709,OR,OR-B-0709-1500-1,OR-B-0709-1500
30,e,1,0,0,0,1500,Clear,B,7/9/2017,1,Scott,e,709,OR,OR-B-0709-1500-1,OR-B-0709-1500
27,w,1,1,0,0,1500,Clear,B,7/9/2017,1,Scott,w,709,OR,OR-B-0709-1500-1,OR-B-0709-1500
28,e,1,0,0,0,1500,Clear,B,7/9/2017,1,Scott,e,709,OR,OR-B-0709-1500-1,OR-B-0709-1500
25,e,1,0,0,0,1500,Clear,B,7/9/2017,1,Scott,e,709,OR,OR-B-0709-1500-1,OR-B-0709-1500
15,w,1,1,0,0,1500,Clear,B,7/9/2017,1,Scott,w,709,OR,OR-B-0709-1500-1,OR-B-0709-1500
34,w,1,1,0,0,1500,Clear,B,7/9/2017,1,Scott,w,709,OR,OR-B-0709-1500-1,OR-B-0709-1500
31,e,1,0,0,0,1500,Clear,B,7/9/2017,1,Scott,e,709,OR,OR-B-0709-1500-1,OR-B-0709-1500
22,w,1,1,0,0,1500,Clear,B,7/9/2017,1,Scott,w,709,OR,OR-B-0709-1500-1,OR-B-0709-1500
26,w,1,1,0,0,1500,Clear,B,7/9/2017,1,Scott,w,709,OR,OR-B-0709-1500-1,OR-B-0709-1500
23,w,1,1,0,0,1500,Clear,B,7/9/2017,1,Scott,w,709,OR,OR-B-0709-1500-1,OR-B-0709-1500
32,w,1,1,0,0,1500,Clear,B,7/9/2017,1,Scott,w,709,OR,OR-B-0709-1500-1,OR-B-0709-1500
25,w,1,1,0,0,1500,Clear,B,7/9/2017,1,Scott,w,709,OR,OR-B-0709-1500-1,OR-B-0709-1500
22,w,1,1,0,0,1500,Clear,B,7/9/2017,1,Scott,w,709,OR,OR-B-0709-1500-1,OR-B-0709-1500
26,e,1,0,0,0,1500,Clear,B,7/9/2017,1,Scott,e,709,OR,OR-B-0709-1500-1,OR-B-0709-1500
26,e,1,0,0,0,1500,Clear,B,7/9/2017,1,Scott,e,709,OR,OR-B-0709-1500-1,OR-B-0709-1500
26,w,1,1,0,0,1500,Clear,B,7/9/2017,1,Scott,w,709,OR,OR-B-0709-1500-1,OR-B-0709-1500
26,E,0,1,0,0,1840,Clear,C,7/17/2017,2,Stephanie,e,717,CA,CA-C-0717-1840-0,CA-C-0717-1840
20,W,0,0,0,0,1840,Clear,C,7/17/2017,2,Stephanie,w,717,CA,CA-C-0717-1840-0,CA-C-0717-1840
28,E,0,1,0,0,1840,Clear,C,7/17/2017,2,Stephanie,e,717,CA,CA-C-0717-1840-0,CA-C-0717-1840
30,E,0,1,0,0,1840,Clear,C,7/17/2017,2,Stephanie,e,717,CA,CA-C-0717-1840-0,CA-C-0717-1840
29,W,0,0,0,0,1840,Clear,C,7/17/2017,2,Stephanie,w,717,CA,CA-C-0717-1840-0,CA-C-0717-1840
20,W,0,0,0,0,1840,Clear,C,7/17/2017,2,Stephanie,w,717,CA,CA-C-0717-1840-0,CA-C-0717-1840
36,E,0,1,0,0,1840,Clear,C,7/17/2017,2,Stephanie,e,717,CA,CA-C-0717-1840-0,CA-C-0717-1840
19,E,0,1,1,1,1840,Clear,C,7/17/2017,2,Stephanie,e,717,CA,CA-C-0717-1840-0,CA-C-0717-1840
24,E,0,1,0,0,1840,Clear,C,7/17/2017,2,Stephanie,e,717,CA,CA-C-0717-1840-0,CA-C-0717-1840
18,E,0,1,1,1,1840,Clear,C,7/17/2017,2,Stephanie,e,717,CA,CA-C-0717-1840-0,CA-C-0717-1840
27,W,0,0,1,1,1840,Clear,C,7/17/2017,2,Stephanie,w,717,CA,CA-C-0717-1840-0,CA-C-0717-1840
28,W,0,0,0,0,1840,Clear,C,7/17/2017,2,Stephanie,w,717,CA,CA-C-0717-1840-0,CA-C-0717-1840
31,W,0,0,1,1,1840,Clear,C,7/17/2017,2,Stephanie,w,717,CA,CA-C-0717-1840-0,CA-C-0717-1840
22,E,0,1,1,1,1840,Clear,C,7/17/2017,2,Stephanie,e,717,CA,CA-C-0717-1840-0,CA-C-0717-1840
26,E,0,1,0,0,1840,Clear,C,7/17/2017,2,Stephanie,e,717,CA,CA-C-0717-1840-0,CA-C-0717-1840
24,W,0,0,0,1,1840,Clear,C,7/17/2017,2,Stephanie,w,717,CA,CA-C-0717-1840-0,CA-C-0717-1840
23,W,1,0,0,1,1840,Clear,C,7/17/2017,2,Stephanie,w,717,CA,CA-C-0717-1840-1,CA-C-0717-1840
30,E,1,1,0,1,1840,Clear,C,7/17/2017,2,Stephanie,e,717,CA,CA-C-0717-1840-1,CA-C-0717-1840
32,W,1,0,0,1,1840,Clear,C,7/17/2017,2,Stephanie,w,717,CA,CA-C-0717-1840-1,CA-C-0717-1840
27,W,1,0,0,1,1840,Clear,C,7/17/2017,2,Stephanie,w,717,CA,CA-C-0717-1840-1,CA-C-0717-1840
25,W,1,0,0,1,1840,Clear,C,7/17/2017,2,Stephanie,w,717,CA,CA-C-0717-1840-1,CA-C-0717-1840
26,W,1,0,0,1,1840,Clear,C,7/17/2017,2,Stephanie,w,717,CA,CA-C-0717-1840-1,CA-C-0717-1840
25,E,1,1,0,1,1840,Clear,C,7/17/2017,2,Stephanie,e,717,CA,CA-C-0717-1840-1,CA-C-0717-1840
33,E,1,1,0,0,1840,Clear,C,7/17/2017,2,Stephanie,e,717,CA,CA-C-0717-1840-1,CA-C-0717-1840
29,E,1,1,0,0,1840,Clear,C,7/17/2017,2,Stephanie,e,717,CA,CA-C-0717-1840-1,CA-C-0717-1840
16,E,1,1,0,1,1840,Clear,C,7/17/2017,2,Stephanie,e,717,CA,CA-C-0717-1840-1,CA-C-0717-1840
21,W,1,0,0,0,1840,Clear,C,7/17/2017,2,Stephanie,w,717,CA,CA-C-0717-1840-1,CA-C-0717-1840
33,W,1,0,0,0,1840,Clear,C,7/17/2017,2,Stephanie,w,717,CA,CA-C-0717-1840-1,CA-C-0717-1840
24,E,1,1,0,0,1840,Clear,C,7/17/2017,2,Stephanie,e,717,CA,CA-C-0717-1840-1,CA-C-0717-1840
28,W,1,0,0,0,1840,Clear,C,7/17/2017,2,Stephanie,w,717,CA,CA-C-0717-1840-1,CA-C-0717-1840
29,W,0,0,0,0,1940,Clear,C,7/17/2017,2,Stephanie,w,717,CA,CA-C-0717-1940-0,CA-C-0717-1940
27,W,0,0,0,1,1940,Clear,C,7/17/2017,2,Stephanie,w,717,CA,CA-C-0717-1940-0,CA-C-0717-1940
25,W,0,0,0,1,1940,Clear,C,7/17/2017,2,Stephanie,w,717,CA,CA-C-0717-1940-0,CA-C-0717-1940
24,W,0,0,0,1,1940,Clear,C,7/17/2017,2,Stephanie,w,717,CA,CA-C-0717-1940-0,CA-C-0717-1940
33,W,0,0,0,0,1940,Clear,C,7/17/2017,2,Stephanie,w,717,CA,CA-C-0717-1940-0,CA-C-0717-1940
26,W,0,0,0,0,1940,Clear,C,7/17/2017,2,Stephanie,w,717,CA,CA-C-0717-1940-0,CA-C-0717-1940
30,E,0,1,0,0,1940,Clear,C,7/17/2017,2,Stephanie,e,717,CA,CA-C-0717-1940-0,CA-C-0717-1940
28,W,0,0,0,0,1940,Clear,C,7/17/2017,2,Stephanie,w,717,CA,CA-C-0717-1940-0,CA-C-0717-1940
22,E,0,1,0,0,1940,Clear,C,7/17/2017,2,Stephanie,e,717,CA,CA-C-0717-1940-0,CA-C-0717-1940
22,E,0,1,0,1,1940,Clear,C,7/17/2017,2,Stephanie,e,717,CA,CA-C-0717-1940-0,CA-C-0717-1940
23,W,1,0,0,1,1940,Clear,C,7/17/2017,2,Stephanie,w,717,CA,CA-C-0717-1940-1,CA-C-0717-1940
26,W,1,0,0,1,1940,Clear,C,7/17/2017,2,Stephanie,w,717,CA,CA-C-0717-1940-1,CA-C-0717-1940
26,E,1,1,0,0,1940,Clear,C,7/17/2017,2,Stephanie,e,717,CA,CA-C-0717-1940-1,CA-C-0717-1940
22,E,1,1,0,1,1940,Clear,C,7/17/2017,2,Stephanie,e,717,CA,CA-C-0717-1940-1,CA-C-0717-1940
28,E,1,1,0,0,1940,Clear,C,7/17/2017,2,Stephanie,e,717,CA,CA-C-0717-1940-1,CA-C-0717-1940
25,W,1,0,0,0,1940,Clear,C,7/17/2017,2,Stephanie,w,717,CA,CA-C-0717-1940-1,CA-C-0717-1940
28,W,1,0,0,1,1940,Clear,C,7/17/2017,2,Stephanie,w,717,CA,CA-C-0717-1940-1,CA-C-0717-1940
17,W,1,0,0,1,1940,Clear,C,7/17/2017,2,Stephanie,w,717,CA,CA-C-0717-1940-1,CA-C-0717-1940
25,S,0,1,0,1,1710,Clear,D,7/18/2017,3,Stephanie,s,718,CA,CA-D-0718-1710-0,CA-D-0718-1710
19,S,0,1,0,1,1710,Clear,D,7/18/2017,3,Stephanie,s,718,CA,CA-D-0718-1710-0,CA-D-0718-1710
27,N,0,0,0,0,1710,Clear,D,7/18/2017,3,Stephanie,n,718,CA,CA-D-0718-1710-0,CA-D-0718-1710
33,N,0,0,0,0,1710,Clear,D,7/18/2017,3,Stephanie,n,718,CA,CA-D-0718-1710-0,CA-D-0718-1710
26,S,0,1,0,0,1710,Clear,D,7/18/2017,3,Stephanie,s,718,CA,CA-D-0718-1710-0,CA-D-0718-1710
29,S,0,1,0,0,1710,Clear,D,7/18/2017,3,Stephanie,s,718,CA,CA-D-0718-1710-0,CA-D-0718-1710
31,N,0,0,0,0,1710,Clear,D,7/18/2017,3,Stephanie,n,718,CA,CA-D-0718-1710-0,CA-D-0718-1710
28,N,0,0,0,0,1710,Clear,D,7/18/2017,3,Stephanie,n,718,CA,CA-D-0718-1710-0,CA-D-0718-1710
23,S,0,1,0,0,1710,Clear,D,7/18/2017,3,Stephanie,s,718,CA,CA-D-0718-1710-0,CA-D-0718-1710
28,S,1,1,0,0,1710,Clear,D,7/18/2017,3,Stephanie,s,718,CA,CA-D-0718-1710-1,CA-D-0718-1710
27,S,1,1,0,0,1710,Clear,D,7/18/2017,3,Stephanie,s,718,CA,CA-D-0718-1710-1,CA-D-0718-1710
37,N,1,0,0,0,1710,Clear,D,7/18/2017,3,Stephanie,n,718,CA,CA-D-0718-1710-1,CA-D-0718-1710
29,N,1,0,0,0,1710,Clear,D,7/18/2017,3,Stephanie,n,718,CA,CA-D-0718-1710-1,CA-D-0718-1710
27,N,1,0,0,0,1710,Clear,D,7/18/2017,3,Stephanie,n,718,CA,CA-D-0718-1710-1,CA-D-0718-1710
28,N,1,0,0,0,1710,Clear,D,7/18/2017,3,Stephanie,n,718,CA,CA-D-0718-1710-1,CA-D-0718-1710
27,S,1,1,0,0,1710,Clear,D,7/18/2017,3,Stephanie,s,718,CA,CA-D-0718-1710-1,CA-D-0718-1710
32,N,1,0,0,0,1710,Clear,D,7/18/2017,3,Stephanie,n,718,CA,CA-D-0718-1710-1,CA-D-0718-1710
31,S,1,1,0,0,1710,Clear,D,7/18/2017,3,Stephanie,s,718,CA,CA-D-0718-1710-1,CA-D-0718-1710
26,S,1,1,0,0,1740,Clear,D,7/18/2017,3,Stephanie,s,718,CA,CA-D-0718-1740-1,CA-D-0718-1740
28,S,1,1,0,1,1740,Clear,D,7/18/2017,3,Stephanie,s,718,CA,CA-D-0718-1740-1,CA-D-0718-1740
26,N,1,0,0,1,1740,Clear,D,7/18/2017,3,Stephanie,n,718,CA,CA-D-0718-1740-1,CA-D-0718-1740
26,N,1,0,0,1,1740,Clear,D,7/18/2017,3,Stephanie,n,718,CA,CA-D-0718-1740-1,CA-D-0718-1740
22,N,1,0,0,1,1740,Clear,D,7/18/2017,3,Stephanie,n,718,CA,CA-D-0718-1740-1,CA-D-0718-1740
20,S,1,1,0,1,1740,Clear,D,7/18/2017,3,Stephanie,s,718,CA,CA-D-0718-1740-1,CA-D-0718-1740
32,S,1,1,0,0,1740,Clear,D,7/18/2017,3,Stephanie,s,718,CA,CA-D-0718-1740-1,CA-D-0718-1740
30,N,1,0,0,0,1740,Clear,D,7/18/2017,3,Stephanie,n,718,CA,CA-D-0718-1740-1,CA-D-0718-1740
28,N,1,0,0,0,1740,Clear,D,7/18/2017,3,Stephanie,n,718,CA,CA-D-0718-1740-1,CA-D-0718-1740
27,N,1,0,0,0,1740,Clear,D,7/18/2017,3,Stephanie,n,718,CA,CA-D-0718-1740-1,CA-D-0718-1740
32,S,1,1,0,0,1740,Clear,D,7/18/2017,3,Stephanie,s,718,CA,CA-D-0718-1740-1,CA-D-0718-1740
33,S,1,1,0,0,1740,Clear,D,7/18/2017,3,Stephanie,s,718,CA,CA-D-0718-1740-1,CA-D-0718-1740
30,S,1,1,0,0,1740,Clear,D,7/18/2017,3,Stephanie,s,718,CA,CA-D-0718-1740-1,CA-D-0718-1740
27,S,1,1,0,0,1740,Clear,D,7/18/2017,3,Stephanie,s,718,CA,CA-D-0718-1740-1,CA-D-0718-1740
27,S,1,1,0,0,1740,Clear,D,7/18/2017,3,Stephanie,s,718,CA,CA-D-0718-1740-1,CA-D-0718-1740
34,N,0,0,0,0,1740,Clear,D,7/18/2017,3,Stephanie,n,718,CA,CA-D-0718-1740-0,CA-D-0718-1740
25,S,0,1,0,1,1740,Clear,D,7/18/2017,3,Stephanie,s,718,CA,CA-D-0718-1740-0,CA-D-0718-1740
24,N,0,0,0,0,1740,Clear,D,7/18/2017,3,Stephanie,n,718,CA,CA-D-0718-1740-0,CA-D-0718-1740
23,S,0,1,0,0,1740,Clear,D,7/18/2017,3,Stephanie,s,718,CA,CA-D-0718-1740-0,CA-D-0718-1740
25,S,0,1,0,0,1740,Clear,D,7/18/2017,3,Stephanie,s,718,CA,CA-D-0718-1740-0,CA-D-0718-1740
33,S,0,1,0,0,1740,Clear,D,7/18/2017,3,Stephanie,s,718,CA,CA-D-0718-1740-0,CA-D-0718-1740
29,S,0,1,0,0,1740,Clear,D,7/18/2017,3,Stephanie,s,718,CA,CA-D-0718-1740-0,CA-D-0718-1740
31,S,0,1,0,1,1740,Clear,D,7/18/2017,3,Stephanie,s,718,CA,CA-D-0718-1740-0,CA-D-0718-1740
29,N,0,0,0,1,1740,Clear,D,7/18/2017,3,Stephanie,n,718,CA,CA-D-0718-1740-0,CA-D-0718-1740
33,S,0,1,0,0,1740,Clear,D,7/18/2017,3,Stephanie,s,718,CA,CA-D-0718-1740-0,CA-D-0718-1740
28,N,0,0,0,0,1740,Clear,D,7/18/2017,3,Stephanie,n,718,CA,CA-D-0718-1740-0,CA-D-0718-1740
31,S,0,1,0,1,1740,Clear,D,7/18/2017,3,Stephanie,s,718,CA,CA-D-0718-1740-0,CA-D-0718-1740
29,N,0,0,0,0,1740,Clear,D,7/18/2017,3,Stephanie,n,718,CA,CA-D-0718-1740-0,CA-D-0718-1740
36,S,0,1,0,0,1810,Clear,D,7/18/2017,3,Stephanie,s,718,CA,CA-D-0718-1810-0,CA-D-0718-1810
28,S,0,1,0,0,1810,Clear,D,7/18/2017,3,Stephanie,s,718,CA,CA-D-0718-1810-0,CA-D-0718-1810
29,S,0,1,0,0,1810,Clear,D,7/18/2017,3,Stephanie,s,718,CA,CA-D-0718-1810-0,CA-D-0718-1810
28,N,0,0,0,0,1810,Clear,D,7/18/2017,3,Stephanie,n,718,CA,CA-D-0718-1810-0,CA-D-0718-1810
31,S,0,1,0,0,1810,Clear,D,7/18/2017,3,Stephanie,s,718,CA,CA-D-0718-1810-0,CA-D-0718-1810
38,S,0,1,0,0,1810,Clear,D,7/18/2017,3,Stephanie,s,718,CA,CA-D-0718-1810-0,CA-D-0718-1810
24,S,0,1,0,0,1810,Clear,D,7/18/2017,3,Stephanie,s,718,CA,CA-D-0718-1810-0,CA-D-0718-1810
32,S,0,1,0,1,1810,Clear,D,7/18/2017,3,Stephanie,s,718,CA,CA-D-0718-1810-0,CA-D-0718-1810
27,S,0,1,0,0,1810,Clear,D,7/18/2017,3,Stephanie,s,718,CA,CA-D-0718-1810-0,CA-D-0718-1810
27,N,0,0,0,0,1810,Clear,D,7/18/2017,3,Stephanie,n,718,CA,CA-D-0718-1810-0,CA-D-0718-1810
24,N,0,0,0,0,1810,Clear,D,7/18/2017,3,Stephanie,n,718,CA,CA-D-0718-1810-0,CA-D-0718-1810
23,S,0,1,0,0,1810,Clear,D,7/18/2017,3,Stephanie,s,718,CA,CA-D-0718-1810-0,CA-D-0718-1810
26,S,0,1,0,0,1810,Clear,D,7/18/2017,3,Stephanie,s,718,CA,CA-D-0718-1810-0,CA-D-0718-1810
26,S,0,1,0,0,1810,Clear,D,7/18/2017,3,Stephanie,s,718,CA,CA-D-0718-1810-0,CA-D-0718-1810
26,N,1,0,0,1,1810,Clear,D,7/18/2017,3,Stephanie,n,718,CA,CA-D-0718-1810-1,CA-D-0718-1810
35,N,1,0,0,0,1810,Clear,D,7/18/2017,3,Stephanie,n,718,CA,CA-D-0718-1810-1,CA-D-0718-1810
27,S,1,1,0,0,1810,Clear,D,7/18/2017,3,Stephanie,s,718,CA,CA-D-0718-1810-1,CA-D-0718-1810
29,N,1,0,0,1,1810,Clear,D,7/18/2017,3,Stephanie,n,718,CA,CA-D-0718-1810-1,CA-D-0718-1810
22,S,1,1,0,0,1840,Clear,D,7/18/2017,3,Stephanie,s,718,CA,CA-D-0718-1840-1,CA-D-0718-1840
24,N,1,0,0,0,1840,Clear,D,7/18/2017,3,Stephanie,n,718,CA,CA-D-0718-1840-1,CA-D-0718-1840
18,S,1,1,0,0,1840,Clear,D,7/18/2017,3,Stephanie,s,718,CA,CA-D-0718-1840-1,CA-D-0718-1840
31,N,1,0,0,0,1840,Clear,D,7/18/2017,3,Stephanie,n,718,CA,CA-D-0718-1840-1,CA-D-0718-1840
32,N,1,0,0,0,1840,Clear,D,7/18/2017,3,Stephanie,n,718,CA,CA-D-0718-1840-1,CA-D-0718-1840
23,S,1,1,0,0,1840,Clear,D,7/18/2017,3,Stephanie,s,718,CA,CA-D-0718-1840-1,CA-D-0718-1840
21,S,1,1,0,0,1840,Clear,D,7/18/2017,3,Stephanie,s,718,CA,CA-D-0718-1840-1,CA-D-0718-1840
21,S,1,1,0,0,1840,Clear,D,7/18/2017,3,Stephanie,s,718,CA,CA-D-0718-1840-1,CA-D-0718-1840
23,S,1,1,0,0,1840,Clear,D,7/18/2017,3,Stephanie,s,718,CA,CA-D-0718-1840-1,CA-D-0718-1840
30,S,1,1,0,0,1840,Clear,D,7/18/2017,3,Stephanie,s,718,CA,CA-D-0718-1840-1,CA-D-0718-1840
27,S,1,1,0,0,1840,Clear,D,7/18/2017,3,Stephanie,s,718,CA,CA-D-0718-1840-1,CA-D-0718-1840
27,N,1,0,0,0,1840,Clear,D,7/18/2017,3,Stephanie,n,718,CA,CA-D-0718-1840-1,CA-D-0718-1840
34,S,0,1,0,0,1840,Clear,D,7/18/2017,3,Stephanie,s,718,CA,CA-D-0718-1840-0,CA-D-0718-1840
27,S,0,1,0,1,1840,Clear,D,7/18/2017,3,Stephanie,s,718,CA,CA-D-0718-1840-0,CA-D-0718-1840
23,N,0,0,0,1,1840,Clear,D,7/18/2017,3,Stephanie,n,718,CA,CA-D-0718-1840-0,CA-D-0718-1840
32,S,0,1,0,1,1840,Clear,D,7/18/2017,3,Stephanie,s,718,CA,CA-D-0718-1840-0,CA-D-0718-1840
27,N,0,0,0,1,1840,Clear,D,7/18/2017,3,Stephanie,n,718,CA,CA-D-0718-1840-0,CA-D-0718-1840
32,S,0,1,0,1,1840,Clear,D,7/18/2017,3,Stephanie,s,718,CA,CA-D-0718-1840-0,CA-D-0718-1840
27,N,0,0,0,1,1840,Clear,D,7/18/2017,3,Stephanie,n,718,CA,CA-D-0718-1840-0,CA-D-0718-1840
28,N,0,0,0,1,1840,Clear,D,7/18/2017,3,Stephanie,n,718,CA,CA-D-0718-1840-0,CA-D-0718-1840
30,S,0,1,0,0,1840,Clear,D,7/18/2017,3,Stephanie,s,718,CA,CA-D-0718-1840-0,CA-D-0718-1840
25,S,0,1,0,0,1840,Clear,D,7/18/2017,3,Stephanie,s,718,CA,CA-D-0718-1840-0,CA-D-0718-1840
29,S,0,1,0,0,1840,Clear,D,7/18/2017,3,Stephanie,s,718,CA,CA-D-0718-1840-0,CA-D-0718-1840
29,S,0,1,0,0,1840,Clear,D,7/18/2017,3,Stephanie,s,718,CA,CA-D-0718-1840-0,CA-D-0718-1840
24,S,0,1,0,1,1910,Clear,D,7/18/2017,3,Stephanie,s,718,CA,CA-D-0718-1910-0,CA-D-0718-1910
28,S,0,1,0,1,1910,Clear,D,7/18/2017,3,Stephanie,s,718,CA,CA-D-0718-1910-0,CA-D-0718-1910
26,N,0,0,0,0,1910,Clear,D,7/18/2017,3,Stephanie,n,718,CA,CA-D-0718-1910-0,CA-D-0718-1910
22,S,0,1,0,0,1910,Clear,D,7/18/2017,3,Stephanie,s,718,CA,CA-D-0718-1910-0,CA-D-0718-1910
27,S,0,1,0,0,1910,Clear,D,7/18/2017,3,Stephanie,s,718,CA,CA-D-0718-1910-0,CA-D-0718-1910
26,N,0,0,0,0,1910,Clear,D,7/18/2017,3,Stephanie,n,718,CA,CA-D-0718-1910-0,CA-D-0718-1910
27,N,0,0,0,0,1910,Clear,D,7/18/2017,3,Stephanie,n,718,CA,CA-D-0718-1910-0,CA-D-0718-1910
28,S,0,1,0,0,1910,Clear,D,7/18/2017,3,Stephanie,s,718,CA,CA-D-0718-1910-0,CA-D-0718-1910
28,N,0,0,0,0,1910,Clear,D,7/18/2017,3,Stephanie,n,718,CA,CA-D-0718-1910-0,CA-D-0718-1910
21,N,1,0,0,1,1910,Clear,D,7/18/2017,3,Stephanie,n,718,CA,CA-D-0718-1910-1,CA-D-0718-1910
22,S,1,1,0,1,1910,Clear,D,7/18/2017,3,Stephanie,s,718,CA,CA-D-0718-1910-1,CA-D-0718-1910
30,N,1,0,0,0,1910,Clear,D,7/18/2017,3,Stephanie,n,718,CA,CA-D-0718-1910-1,CA-D-0718-1910
34,S,1,1,0,0,1910,Clear,D,7/18/2017,3,Stephanie,s,718,CA,CA-D-0718-1910-1,CA-D-0718-1910
24,S,1,1,0,0,1910,Clear,D,7/18/2017,3,Stephanie,s,718,CA,CA-D-0718-1910-1,CA-D-0718-1910
30,S,1,1,0,0,1910,Clear,D,7/18/2017,3,Stephanie,s,718,CA,CA-D-0718-1910-1,CA-D-0718-1910
31,S,1,1,0,0,1910,Clear,D,7/18/2017,3,Stephanie,s,718,CA,CA-D-0718-1910-1,CA-D-0718-1910
22,N,1,1,0,0,1500,Clear,E,7/22/2017,7,Amit,n,722,NJ,NJ-E-0722-1500-1,NJ-E-0722-1500
21,N,1,1,0,0,1500,Clear,E,7/22/2017,7,Amit,n,722,NJ,NJ-E-0722-1500-1,NJ-E-0722-1500
18,S,1,0,0,0,1500,Clear,E,7/22/2017,7,Amit,s,722,NJ,NJ-E-0722-1500-1,NJ-E-0722-1500
24,N,1,1,0,0,1500,Clear,E,7/22/2017,7,Amit,n,722,NJ,NJ-E-0722-1500-1,NJ-E-0722-1500
29,N,1,1,0,0,1500,Clear,E,7/22/2017,7,Amit,n,722,NJ,NJ-E-0722-1500-1,NJ-E-0722-1500
21,S,1,0,0,0,1500,Clear,E,7/22/2017,7,Amit,s,722,NJ,NJ-E-0722-1500-1,NJ-E-0722-1500
22,S,1,0,0,0,1500,Clear,E,7/22/2017,7,Amit,s,722,NJ,NJ-E-0722-1500-1,NJ-E-0722-1500
20,S,1,0,1,1,1500,Clear,E,7/22/2017,7,Amit,s,722,NJ,NJ-E-0722-1500-1,NJ-E-0722-1500
21,S,1,0,0,0,1500,Clear,E,7/22/2017,7,Amit,s,722,NJ,NJ-E-0722-1500-1,NJ-E-0722-1500
20,N,1,1,1,1,1500,Clear,E,7/22/2017,7,Amit,n,722,NJ,NJ-E-0722-1500-1,NJ-E-0722-1500
17,S,1,0,1,1,1500,Clear,E,7/22/2017,7,Amit,s,722,NJ,NJ-E-0722-1500-1,NJ-E-0722-1500
22,N,1,1,0,0,1500,Clear,E,7/22/2017,7,Amit,n,722,NJ,NJ-E-0722-1500-1,NJ-E-0722-1500
23,N,1,1,1,1,1500,Clear,E,7/22/2017,7,Amit,n,722,NJ,NJ-E-0722-1500-1,NJ-E-0722-1500
22,N,1,1,1,1,1500,Clear,E,7/22/2017,7,Amit,n,722,NJ,NJ-E-0722-1500-1,NJ-E-0722-1500
28,N,1,1,0,0,1500,Clear,E,7/22/2017,7,Amit,n,722,NJ,NJ-E-0722-1500-1,NJ-E-0722-1500
21,S,1,0,0,1,1500,Clear,E,7/22/2017,7,Amit,s,722,NJ,NJ-E-0722-1500-1,NJ-E-0722-1500
27,S,0,0,0,1,1500,Clear,E,7/22/2017,7,Amit,s,722,NJ,NJ-E-0722-1500-0,NJ-E-0722-1500
31,S,0,0,0,1,1500,Clear,E,7/22/2017,7,Amit,s,722,NJ,NJ-E-0722-1500-0,NJ-E-0722-1500
32,N,0,1,0,1,1500,Clear,E,7/22/2017,7,Amit,n,722,NJ,NJ-E-0722-1500-0,NJ-E-0722-1500
29,S,0,0,0,1,1500,Clear,E,7/22/2017,7,Amit,s,722,NJ,NJ-E-0722-1500-0,NJ-E-0722-1500
26,N,0,1,0,1,1500,Clear,E,7/22/2017,7,Amit,n,722,NJ,NJ-E-0722-1500-0,NJ-E-0722-1500
27,S,0,0,0,1,1500,Clear,E,7/22/2017,7,Amit,s,722,NJ,NJ-E-0722-1500-0,NJ-E-0722-1500
21,N,0,1,0,1,1500,Clear,E,7/22/2017,7,Amit,n,722,NJ,NJ-E-0722-1500-0,NJ-E-0722-1500
22,S,0,0,0,0,1500,Clear,E,7/22/2017,7,Amit,s,722,NJ,NJ-E-0722-1500-0,NJ-E-0722-1500
28,N,0,1,0,0,1500,Clear,E,7/22/2017,7,Amit,n,722,NJ,NJ-E-0722-1500-0,NJ-E-0722-1500
32,N,0,1,0,1,1500,Clear,E,7/22/2017,7,Amit,n,722,NJ,NJ-E-0722-1500-0,NJ-E-0722-1500
31,N,0,1,0,0,1500,Clear,E,7/22/2017,7,Amit,n,722,NJ,NJ-E-0722-1500-0,NJ-E-0722-1500
22,S,0,0,0,0,1500,Clear,E,7/22/2017,7,Amit,s,722,NJ,NJ-E-0722-1500-0,NJ-E-0722-1500
24,N,0,1,0,0,1500,Clear,E,7/22/2017,7,Amit,n,722,NJ,NJ-E-0722-1500-0,NJ-E-0722-1500
29,S,0,0,0,0,1500,Clear,E,7/22/2017,7,Amit,s,722,NJ,NJ-E-0722-1500-0,NJ-E-0722-1500
29,S,0,0,0,1,1500,Clear,E,7/22/2017,7,Amit,s,722,NJ,NJ-E-0722-1500-0,NJ-E-0722-1500
27,S,0,0,0,1,1500,Clear,E,7/22/2017,7,Amit,s,722,NJ,NJ-E-0722-1500-0,NJ-E-0722-1500
30,N,0,1,0,1,1500,Clear,E,7/22/2017,7,Amit,n,722,NJ,NJ-E-0722-1500-0,NJ-E-0722-1500
32,S,0,0,0,1,1500,Clear,E,7/22/2017,7,Amit,s,722,NJ,NJ-E-0722-1500-0,NJ-E-0722-1500
27,S,0,0,0,1,1500,Clear,E,7/22/2017,7,Amit,s,722,NJ,NJ-E-0722-1500-0,NJ-E-0722-1500
25,N,0,1,0,1,1500,Clear,E,7/22/2017,7,Amit,n,722,NJ,NJ-E-0722-1500-0,NJ-E-0722-1500
26,N,0,1,0,1,1500,Clear,E,7/22/2017,7,Amit,n,722,NJ,NJ-E-0722-1500-0,NJ-E-0722-1500
25,N,0,1,0,1,1500,Clear,E,7/22/2017,7,Amit,n,722,NJ,NJ-E-0722-1500-0,NJ-E-0722-1500
26,S,0,0,0,0,1500,Clear,E,7/22/2017,7,Amit,s,722,NJ,NJ-E-0722-1500-0,NJ-E-0722-1500
29,S,0,0,0,0,1500,Clear,E,7/22/2017,7,Amit,s,722,NJ,NJ-E-0722-1500-0,NJ-E-0722-1500
28,S,0,0,0,1,1500,Clear,E,7/22/2017,7,Amit,s,722,NJ,NJ-E-0722-1500-0,NJ-E-0722-1500
19,N,0,1,0,0,1500,Clear,E,7/22/2017,7,Amit,n,722,NJ,NJ-E-0722-1500-0,NJ-E-0722-1500
33,S,0,0,0,0,1500,Clear,E,7/22/2017,7,Amit,s,722,NJ,NJ-E-0722-1500-0,NJ-E-0722-1500
24,N,0,1,0,0,1500,Clear,E,7/22/2017,7,Amit,n,722,NJ,NJ-E-0722-1500-0,NJ-E-0722-1500
22,S,0,0,0,0,1500,Clear,E,7/22/2017,7,Amit,s,722,NJ,NJ-E-0722-1500-0,NJ-E-0722-1500
20,S,0,0,0,0,1520,Clear,E,7/22/2017,7,Amit,s,722,NJ,NJ-E-0722-1520-0,NJ-E-0722-1520
26,S,0,0,0,1,1520,Clear,E,7/22/2017,7,Amit,s,722,NJ,NJ-E-0722-1520-0,NJ-E-0722-1520
29,N,0,1,0,1,1520,Clear,E,7/22/2017,7,Amit,n,722,NJ,NJ-E-0722-1520-0,NJ-E-0722-1520
33,N,0,1,0,1,1520,Clear,E,7/22/2017,7,Amit,n,722,NJ,NJ-E-0722-1520-0,NJ-E-0722-1520
31,N,0,1,0,0,1520,Clear,E,7/22/2017,7,Amit,n,722,NJ,NJ-E-0722-1520-0,NJ-E-0722-1520
32,S,0,0,0,0,1520,Clear,E,7/22/2017,7,Amit,s,722,NJ,NJ-E-0722-1520-0,NJ-E-0722-1520
28,N,0,1,0,0,1520,Clear,E,7/22/2017,7,Amit,n,722,NJ,NJ-E-0722-1520-0,NJ-E-0722-1520
27,S,0,0,0,0,1520,Clear,E,7/22/2017,7,Amit,s,722,NJ,NJ-E-0722-1520-0,NJ-E-0722-1520
29,N,0,1,0,0,1520,Clear,E,7/22/2017,7,Amit,n,722,NJ,NJ-E-0722-1520-0,NJ-E-0722-1520
39,S,0,0,0,1,1520,Clear,E,7/22/2017,7,Amit,s,722,NJ,NJ-E-0722-1520-0,NJ-E-0722-1520
32,N,0,1,0,1,1520,Clear,E,7/22/2017,7,Amit,n,722,NJ,NJ-E-0722-1520-0,NJ-E-0722-1520
30,S,0,0,0,1,1520,Clear,E,7/22/2017,7,Amit,s,722,NJ,NJ-E-0722-1520-0,NJ-E-0722-1520
33,S,0,0,0,0,1520,Clear,E,7/22/2017,7,Amit,s,722,NJ,NJ-E-0722-1520-0,NJ-E-0722-1520
32,S,0,0,0,1,1520,Clear,E,7/22/2017,7,Amit,s,722,NJ,NJ-E-0722-1520-0,NJ-E-0722-1520
37,S,0,0,0,0,1520,Clear,E,7/22/2017,7,Amit,s,722,NJ,NJ-E-0722-1520-0,NJ-E-0722-1520
36,N,0,1,0,0,1520,Clear,E,7/22/2017,7,Amit,n,722,NJ,NJ-E-0722-1520-0,NJ-E-0722-1520
31,N,0,1,0,0,1520,Clear,E,7/22/2017,7,Amit,n,722,NJ,NJ-E-0722-1520-0,NJ-E-0722-1520
29,N,0,1,0,1,1520,Clear,E,7/22/2017,7,Amit,n,722,NJ,NJ-E-0722-1520-0,NJ-E-0722-1520
25,N,0,1,0,1,1520,Clear,E,7/22/2017,7,Amit,n,722,NJ,NJ-E-0722-1520-0,NJ-E-0722-1520
24,S,0,0,0,1,1520,Clear,E,7/22/2017,7,Amit,s,722,NJ,NJ-E-0722-1520-0,NJ-E-0722-1520
33,S,0,0,0,0,1520,Clear,E,7/22/2017,7,Amit,s,722,NJ,NJ-E-0722-1520-0,NJ-E-0722-1520
26,S,0,0,0,0,1520,Clear,E,7/22/2017,7,Amit,s,722,NJ,NJ-E-0722-1520-0,NJ-E-0722-1520
30,N,0,1,0,0,1520,Clear,E,7/22/2017,7,Amit,n,722,NJ,NJ-E-0722-1520-0,NJ-E-0722-1520
28,S,0,0,0,0,1520,Clear,E,7/22/2017,7,Amit,s,722,NJ,NJ-E-0722-1520-0,NJ-E-0722-1520
22,N,0,1,0,0,1520,Clear,E,7/22/2017,7,Amit,n,722,NJ,NJ-E-0722-1520-0,NJ-E-0722-1520
22,S,0,0,0,1,1520,Clear,E,7/22/2017,7,Amit,s,722,NJ,NJ-E-0722-1520-0,NJ-E-0722-1520
23,N,1,1,0,1,1520,Clear,E,7/22/2017,7,Amit,n,722,NJ,NJ-E-0722-1520-1,NJ-E-0722-1520
26,S,1,0,0,1,1520,Clear,E,7/22/2017,7,Amit,s,722,NJ,NJ-E-0722-1520-1,NJ-E-0722-1520
26,S,1,0,0,0,1520,Clear,E,7/22/2017,7,Amit,s,722,NJ,NJ-E-0722-1520-1,NJ-E-0722-1520
22,N,1,1,0,1,1520,Clear,E,7/22/2017,7,Amit,n,722,NJ,NJ-E-0722-1520-1,NJ-E-0722-1520
28,S,1,0,0,0,1520,Clear,E,7/22/2017,7,Amit,s,722,NJ,NJ-E-0722-1520-1,NJ-E-0722-1520
25,S,1,0,0,0,1540,Clear,E,7/22/2017,7,Amit,s,722,NJ,NJ-E-0722-1540-1,NJ-E-0722-1540
28,S,1,0,0,1,1540,Clear,E,7/22/2017,7,Amit,s,722,NJ,NJ-E-0722-1540-1,NJ-E-0722-1540
17,S,1,0,0,1,1540,Clear,E,7/22/2017,7,Amit,s,722,NJ,NJ-E-0722-1540-1,NJ-E-0722-1540
25,N,1,1,0,1,1540,Clear,E,7/22/2017,7,Amit,n,722,NJ,NJ-E-0722-1540-1,NJ-E-0722-1540
19,S,1,0,0,1,1540,Clear,E,7/22/2017,7,Amit,s,722,NJ,NJ-E-0722-1540-1,NJ-E-0722-1540
27,N,1,1,0,0,1540,Clear,E,7/22/2017,7,Amit,n,722,NJ,NJ-E-0722-1540-1,NJ-E-0722-1540
33,N,1,1,0,0,1540,Clear,E,7/22/2017,7,Amit,n,722,NJ,NJ-E-0722-1540-1,NJ-E-0722-1540
26,S,1,0,0,0,1540,Clear,E,7/22/2017,7,Amit,s,722,NJ,NJ-E-0722-1540-1,NJ-E-0722-1540
29,S,1,0,0,0,1540,Clear,E,7/22/2017,7,Amit,s,722,NJ,NJ-E-0722-1540-1,NJ-E-0722-1540
31,N,1,1,0,0,1540,Clear,E,7/22/2017,7,Amit,n,722,NJ,NJ-E-0722-1540-1,NJ-E-0722-1540
28,N,1,1,0,0,1540,Clear,E,7/22/2017,7,Amit,n,722,NJ,NJ-E-0722-1540-1,NJ-E-0722-1540
23,S,1,0,0,0,1540,Clear,E,7/22/2017,7,Amit,s,722,NJ,NJ-E-0722-1540-1,NJ-E-0722-1540
28,S,1,0,0,0,1540,Clear,E,7/22/2017,7,Amit,s,722,NJ,NJ-E-0722-1540-1,NJ-E-0722-1540
27,S,1,0,0,0,1540,Clear,E,7/22/2017,7,Amit,s,722,NJ,NJ-E-0722-1540-1,NJ-E-0722-1540
37,N,1,1,0,0,1540,Clear,E,7/22/2017,7,Amit,n,722,NJ,NJ-E-0722-1540-1,NJ-E-0722-1540
29,N,1,1,0,0,1540,Clear,E,7/22/2017,7,Amit,n,722,NJ,NJ-E-0722-1540-1,NJ-E-0722-1540
27,N,1,1,0,0,1540,Clear,E,7/22/2017,7,Amit,n,722,NJ,NJ-E-0722-1540-1,NJ-E-0722-1540
28,N,1,1,0,0,1540,Clear,E,7/22/2017,7,Amit,n,722,NJ,NJ-E-0722-1540-1,NJ-E-0722-1540
25,S,1,0,0,1,1540,Clear,E,7/22/2017,7,Amit,s,722,NJ,NJ-E-0722-1540-1,NJ-E-0722-1540
19,S,1,0,0,1,1540,Clear,E,7/22/2017,7,Amit,s,722,NJ,NJ-E-0722-1540-1,NJ-E-0722-1540
27,N,1,1,0,0,1540,Clear,E,7/22/2017,7,Amit,n,722,NJ,NJ-E-0722-1540-1,NJ-E-0722-1540
33,N,1,1,0,0,1540,Clear,E,7/22/2017,7,Amit,n,722,NJ,NJ-E-0722-1540-1,NJ-E-0722-1540
26,S,1,0,0,0,1540,Clear,E,7/22/2017,7,Amit,s,722,NJ,NJ-E-0722-1540-1,NJ-E-0722-1540
29,S,1,0,0,0,1540,Clear,E,7/22/2017,7,Amit,s,722,NJ,NJ-E-0722-1540-1,NJ-E-0722-1540
31,N,1,1,0,0,1540,Clear,E,7/22/2017,7,Amit,n,722,NJ,NJ-E-0722-1540-1,NJ-E-0722-1540
28,N,1,1,0,0,1540,Clear,E,7/22/2017,7,Amit,n,722,NJ,NJ-E-0722-1540-1,NJ-E-0722-1540
23,S,1,0,0,0,1540,Clear,E,7/22/2017,7,Amit,s,722,NJ,NJ-E-0722-1540-1,NJ-E-0722-1540
28,S,0,0,0,0,1540,Clear,E,7/22/2017,7,Amit,s,722,NJ,NJ-E-0722-1540-0,NJ-E-0722-1540
27,S,0,0,0,0,1540,Clear,E,7/22/2017,7,Amit,s,722,NJ,NJ-E-0722-1540-0,NJ-E-0722-1540
37,N,0,1,0,0,1540,Clear,E,7/22/2017,7,Amit,n,722,NJ,NJ-E-0722-1540-0,NJ-E-0722-1540
29,N,0,1,0,0,1540,Clear,E,7/22/2017,7,Amit,n,722,NJ,NJ-E-0722-1540-0,NJ-E-0722-1540
27,N,0,1,0,0,1540,Clear,E,7/22/2017,7,Amit,n,722,NJ,NJ-E-0722-1540-0,NJ-E-0722-1540
28,N,0,1,0,0,1540,Clear,E,7/22/2017,7,Amit,n,722,NJ,NJ-E-0722-1540-0,NJ-E-0722-1540
27,S,0,0,0,0,1600,Clear,E,7/22/2017,7,Amit,s,722,NJ,NJ-E-0722-1600-0,NJ-E-0722-1600
32,N,0,1,0,0,1600,Clear,E,7/22/2017,7,Amit,n,722,NJ,NJ-E-0722-1600-0,NJ-E-0722-1600
31,S,0,0,0,0,1600,Clear,E,7/22/2017,7,Amit,s,722,NJ,NJ-E-0722-1600-0,NJ-E-0722-1600
26,S,1,0,0,0,1600,Clear,E,7/22/2017,7,Amit,s,722,NJ,NJ-E-0722-1600-1,NJ-E-0722-1600
28,S,1,0,0,1,1600,Clear,E,7/22/2017,7,Amit,s,722,NJ,NJ-E-0722-1600-1,NJ-E-0722-1600
26,N,1,1,0,1,1600,Clear,E,7/22/2017,7,Amit,n,722,NJ,NJ-E-0722-1600-1,NJ-E-0722-1600
26,N,1,1,0,1,1600,Clear,E,7/22/2017,7,Amit,n,722,NJ,NJ-E-0722-1600-1,NJ-E-0722-1600
22,N,1,1,0,1,1600,Clear,E,7/22/2017,7,Amit,n,722,NJ,NJ-E-0722-1600-1,NJ-E-0722-1600
20,S,1,0,0,1,1600,Clear,E,7/22/2017,7,Amit,s,722,NJ,NJ-E-0722-1600-1,NJ-E-0722-1600
32,S,1,0,0,0,1600,Clear,E,7/22/2017,7,Amit,s,722,NJ,NJ-E-0722-1600-1,NJ-E-0722-1600
30,N,1,1,0,0,1600,Clear,E,7/22/2017,7,Amit,n,722,NJ,NJ-E-0722-1600-1,NJ-E-0722-1600
28,N,1,1,0,0,1600,Clear,E,7/22/2017,7,Amit,n,722,NJ,NJ-E-0722-1600-1,NJ-E-0722-1600
27,N,1,1,0,0,1600,Clear,E,7/22/2017,7,Amit,n,722,NJ,NJ-E-0722-1600-1,NJ-E-0722-1600
32,S,1,0,0,0,1600,Clear,E,7/22/2017,7,Amit,s,722,NJ,NJ-E-0722-1600-1,NJ-E-0722-1600
33,S,1,0,0,0,1600,Clear,E,7/22/2017,7,Amit,s,722,NJ,NJ-E-0722-1600-1,NJ-E-0722-1600
30,S,1,0,0,0,1600,Clear,E,7/22/2017,7,Amit,s,722,NJ,NJ-E-0722-1600-1,NJ-E-0722-1600
27,S,1,0,0,0,1600,Clear,E,7/22/2017,7,Amit,s,722,NJ,NJ-E-0722-1600-1,NJ-E-0722-1600
27,S,1,0,0,0,1600,Clear,E,7/22/2017,7,Amit,s,722,NJ,NJ-E-0722-1600-1,NJ-E-0722-1600
34,N,0,1,0,0,1600,Clear,E,7/22/2017,7,Amit,n,722,NJ,NJ-E-0722-1600-0,NJ-E-0722-1600
25,S,0,0,0,1,1600,Clear,E,7/22/2017,7,Amit,s,722,NJ,NJ-E-0722-1600-0,NJ-E-0722-1600
24,N,0,1,0,0,1600,Clear,E,7/22/2017,7,Amit,n,722,NJ,NJ-E-0722-1600-0,NJ-E-0722-1600
23,S,0,0,0,0,1600,Clear,E,7/22/2017,7,Amit,s,722,NJ,NJ-E-0722-1600-0,NJ-E-0722-1600
26,S,0,0,0,0,1600,Clear,E,7/22/2017,7,Amit,s,722,NJ,NJ-E-0722-1600-0,NJ-E-0722-1600
28,S,0,0,0,1,1600,Clear,E,7/22/2017,7,Amit,s,722,NJ,NJ-E-0722-1600-0,NJ-E-0722-1600
26,N,0,1,0,1,1600,Clear,E,7/22/2017,7,Amit,n,722,NJ,NJ-E-0722-1600-0,NJ-E-0722-1600
26,N,0,1,0,1,1600,Clear,E,7/22/2017,7,Amit,n,722,NJ,NJ-E-0722-1600-0,NJ-E-0722-1600
22,N,0,1,0,1,1600,Clear,E,7/22/2017,7,Amit,n,722,NJ,NJ-E-0722-1600-0,NJ-E-0722-1600
20,S,0,0,0,1,1600,Clear,E,7/22/2017,7,Amit,s,722,NJ,NJ-E-0722-1600-0,NJ-E-0722-1600
32,S,0,0,0,0,1600,Clear,E,7/22/2017,7,Amit,s,722,NJ,NJ-E-0722-1600-0,NJ-E-0722-1600
30,N,0,1,0,0,1600,Clear,E,7/22/2017,7,Amit,n,722,NJ,NJ-E-0722-1600-0,NJ-E-0722-1600
28,N,0,1,0,0,1600,Clear,E,7/22/2017,7,Amit,n,722,NJ,NJ-E-0722-1600-0,NJ-E-0722-1600
27,N,0,1,0,0,1600,Clear,E,7/22/2017,7,Amit,n,722,NJ,NJ-E-0722-1600-0,NJ-E-0722-1600
32,S,0,0,0,0,1600,Clear,E,7/22/2017,7,Amit,s,722,NJ,NJ-E-0722-1600-0,NJ-E-0722-1600
33,S,0,0,0,0,1600,Clear,E,7/22/2017,7,Amit,s,722,NJ,NJ-E-0722-1600-0,NJ-E-0722-1600
30,S,0,0,0,0,1600,Clear,E,7/22/2017,7,Amit,s,722,NJ,NJ-E-0722-1600-0,NJ-E-0722-1600
27,S,0,0,0,0,1600,Clear,E,7/22/2017,7,Amit,s,722,NJ,NJ-E-0722-1600-0,NJ-E-0722-1600
27,S,0,0,0,0,1600,Clear,E,7/22/2017,7,Amit,s,722,NJ,NJ-E-0722-1600-0,NJ-E-0722-1600
34,N,0,1,0,0,1600,Clear,E,7/22/2017,7,Amit,n,722,NJ,NJ-E-0722-1600-0,NJ-E-0722-1600
25,S,0,0,0,1,1600,Clear,E,7/22/2017,7,Amit,s,722,NJ,NJ-E-0722-1600-0,NJ-E-0722-1600
24,N,0,1,0,0,1600,Clear,E,7/22/2017,7,Amit,n,722,NJ,NJ-E-0722-1600-0,NJ-E-0722-1600
23,S,0,0,0,0,1600,Clear,E,7/22/2017,7,Amit,s,722,NJ,NJ-E-0722-1600-0,NJ-E-0722-1600
25,S,0,0,0,0,1600,Clear,E,7/22/2017,7,Amit,s,722,NJ,NJ-E-0722-1600-0,NJ-E-0722-1600
33,S,0,0,0,0,1600,Clear,E,7/22/2017,7,Amit,s,722,NJ,NJ-E-0722-1600-0,NJ-E-0722-1600
29,S,0,0,0,0,1600,Clear,E,7/22/2017,7,Amit,s,722,NJ,NJ-E-0722-1600-0,NJ-E-0722-1600
31,S,0,0,0,1,1600,Clear,E,7/22/2017,7,Amit,s,722,NJ,NJ-E-0722-1600-0,NJ-E-0722-1600
29,N,0,1,0,1,1600,Clear,E,7/22/2017,7,Amit,n,722,NJ,NJ-E-0722-1600-0,NJ-E-0722-1600
33,S,0,0,0,0,1600,Clear,E,7/22/2017,7,Amit,s,722,NJ,NJ-E-0722-1600-0,NJ-E-0722-1600
28,N,0,1,0,0,1600,Clear,E,7/22/2017,7,Amit,n,722,NJ,NJ-E-0722-1600-0,NJ-E-0722-1600
31,S,0,0,0,1,1600,Clear,E,7/22/2017,7,Amit,s,722,NJ,NJ-E-0722-1600-0,NJ-E-0722-1600
29,N,0,1,0,0,1600,Clear,E,7/22/2017,7,Amit,n,722,NJ,NJ-E-0722-1600-0,NJ-E-0722-1600
36,E,0,0,0,0,1620,Clear,F,7/22/2017,7,Amit,e,722,NJ,NJ-F-0722-1620-0,NJ-F-0722-1620
28,E,0,1,0,0,1620,Clear,F,7/22/2017,7,Amit,e,722,NJ,NJ-F-0722-1620-0,NJ-F-0722-1620
29,W,0,1,0,0,1620,Clear,F,7/22/2017,7,Amit,w,722,NJ,NJ-F-0722-1620-0,NJ-F-0722-1620
28,E,0,0,0,0,1620,Clear,F,7/22/2017,7,Amit,e,722,NJ,NJ-F-0722-1620-0,NJ-F-0722-1620
31,E,0,1,0,0,1620,Clear,F,7/22/2017,7,Amit,e,722,NJ,NJ-F-0722-1620-0,NJ-F-0722-1620
38,W,1,1,0,0,1620,Clear,F,7/22/2017,7,Amit,w,722,NJ,NJ-F-0722-1620-1,NJ-F-0722-1620
24,W,1,0,0,0,1620,Clear,F,7/22/2017,7,Amit,w,722,NJ,NJ-F-0722-1620-1,NJ-F-0722-1620
32,W,1,0,0,1,1620,Clear,F,7/22/2017,7,Amit,w,722,NJ,NJ-F-0722-1620-1,NJ-F-0722-1620
27,W,1,0,0,0,1620,Clear,F,7/22/2017,7,Amit,w,722,NJ,NJ-F-0722-1620-1,NJ-F-0722-1620
27,E,1,0,0,0,1620,Clear,F,7/22/2017,7,Amit,e,722,NJ,NJ-F-0722-1620-1,NJ-F-0722-1620
24,E,1,1,0,0,1620,Clear,F,7/22/2017,7,Amit,e,722,NJ,NJ-F-0722-1620-1,NJ-F-0722-1620
23,E,1,1,0,0,1620,Clear,F,7/22/2017,7,Amit,e,722,NJ,NJ-F-0722-1620-1,NJ-F-0722-1620
26,E,1,1,0,0,1620,Clear,F,7/22/2017,7,Amit,e,722,NJ,NJ-F-0722-1620-1,NJ-F-0722-1620
36,W,1,1,0,0,1620,Clear,F,7/22/2017,7,Amit,w,722,NJ,NJ-F-0722-1620-1,NJ-F-0722-1620
28,E,1,0,0,0,1620,Clear,F,7/22/2017,7,Amit,e,722,NJ,NJ-F-0722-1620-1,NJ-F-0722-1620
29,W,1,1,0,0,1620,Clear,F,7/22/2017,7,Amit,w,722,NJ,NJ-F-0722-1620-1,NJ-F-0722-1620
28,W,1,0,0,0,1620,Clear,F,7/22/2017,7,Amit,w,722,NJ,NJ-F-0722-1620-1,NJ-F-0722-1620
31,E,1,0,0,0,1620,Clear,F,7/22/2017,7,Amit,e,722,NJ,NJ-F-0722-1620-1,NJ-F-0722-1620
38,W,1,1,0,0,1620,Clear,F,7/22/2017,7,Amit,w,722,NJ,NJ-F-0722-1620-1,NJ-F-0722-1620
24,E,1,0,0,0,1620,Clear,F,7/22/2017,7,Amit,e,722,NJ,NJ-F-0722-1620-1,NJ-F-0722-1620
32,E,1,1,0,1,1620,Clear,F,7/22/2017,7,Amit,e,722,NJ,NJ-F-0722-1620-1,NJ-F-0722-1620
27,W,1,1,0,0,1620,Clear,F,7/22/2017,7,Amit,w,722,NJ,NJ-F-0722-1620-1,NJ-F-0722-1620
27,W,1,0,0,0,1620,Clear,F,7/22/2017,7,Amit,w,722,NJ,NJ-F-0722-1620-1,NJ-F-0722-1620
24,E,1,0,0,0,1620,Clear,F,7/22/2017,7,Amit,e,722,NJ,NJ-F-0722-1620-1,NJ-F-0722-1620
23,E,1,1,0,0,1620,Clear,F,7/22/2017,7,Amit,e,722,NJ,NJ-F-0722-1620-1,NJ-F-0722-1620
26,E,1,1,0,0,1620,Clear,F,7/22/2017,7,Amit,e,722,NJ,NJ-F-0722-1620-1,NJ-F-0722-1620
26,W,1,1,0,0,1620,Clear,F,7/22/2017,7,Amit,w,722,NJ,NJ-F-0722-1620-1,NJ-F-0722-1620
26,W,1,0,0,1,1640,Clear,F,7/22/2017,7,Amit,w,722,NJ,NJ-F-0722-1640-1,NJ-F-0722-1640
35,E,1,0,0,0,1640,Clear,F,7/22/2017,7,Amit,e,722,NJ,NJ-F-0722-1640-1,NJ-F-0722-1640
27,E,1,1,0,0,1640,Clear,F,7/22/2017,7,Amit,e,722,NJ,NJ-F-0722-1640-1,NJ-F-0722-1640
29,E,1,1,0,1,1640,Clear,F,7/22/2017,7,Amit,e,722,NJ,NJ-F-0722-1640-1,NJ-F-0722-1640
22,W,1,1,0,0,1640,Clear,F,7/22/2017,7,Amit,w,722,NJ,NJ-F-0722-1640-1,NJ-F-0722-1640
24,W,1,0,0,0,1640,Clear,F,7/22/2017,7,Amit,w,722,NJ,NJ-F-0722-1640-1,NJ-F-0722-1640
18,W,1,0,0,0,1640,Clear,F,7/22/2017,7,Amit,w,722,NJ,NJ-F-0722-1640-1,NJ-F-0722-1640
31,W,1,0,0,0,1640,Clear,F,7/22/2017,7,Amit,w,722,NJ,NJ-F-0722-1640-1,NJ-F-0722-1640
32,W,1,0,0,0,1640,Clear,F,7/22/2017,7,Amit,w,722,NJ,NJ-F-0722-1640-1,NJ-F-0722-1640
23,W,1,0,0,0,1640,Clear,F,7/22/2017,7,Amit,w,722,NJ,NJ-F-0722-1640-1,NJ-F-0722-1640
21,E,1,0,0,0,1640,Clear,F,7/22/2017,7,Amit,e,722,NJ,NJ-F-0722-1640-1,NJ-F-0722-1640
21,E,1,1,0,0,1640,Clear,F,7/22/2017,7,Amit,e,722,NJ,NJ-F-0722-1640-1,NJ-F-0722-1640
23,E,1,1,0,0,1640,Clear,F,7/22/2017,7,Amit,e,722,NJ,NJ-F-0722-1640-1,NJ-F-0722-1640
30,W,1,1,0,0,1640,Clear,F,7/22/2017,7,Amit,w,722,NJ,NJ-F-0722-1640-1,NJ-F-0722-1640
22,W,1,0,0,0,1640,Clear,F,7/22/2017,7,Amit,w,722,NJ,NJ-F-0722-1640-1,NJ-F-0722-1640
24,E,1,0,0,0,1640,Clear,F,7/22/2017,7,Amit,e,722,NJ,NJ-F-0722-1640-1,NJ-F-0722-1640
18,W,1,1,0,0,1640,Clear,F,7/22/2017,7,Amit,w,722,NJ,NJ-F-0722-1640-1,NJ-F-0722-1640
31,W,1,0,0,0,1640,Clear,F,7/22/2017,7,Amit,w,722,NJ,NJ-F-0722-1640-1,NJ-F-0722-1640
32,E,1,0,0,0,1640,Clear,F,7/22/2017,7,Amit,e,722,NJ,NJ-F-0722-1640-1,NJ-F-0722-1640
23,W,1,1,0,0,1640,Clear,F,7/22/2017,7,Amit,w,722,NJ,NJ-F-0722-1640-1,NJ-F-0722-1640
21,W,1,0,0,0,1640,Clear,F,7/22/2017,7,Amit,w,722,NJ,NJ-F-0722-1640-1,NJ-F-0722-1640
21,E,1,0,0,0,1640,Clear,F,7/22/2017,7,Amit,e,722,NJ,NJ-F-0722-1640-1,NJ-F-0722-1640
23,E,1,1,0,0,1640,Clear,F,7/22/2017,7,Amit,e,722,NJ,NJ-F-0722-1640-1,NJ-F-0722-1640
30,E,1,1,0,0,1640,Clear,F,7/22/2017,7,Amit,e,722,NJ,NJ-F-0722-1640-1,NJ-F-0722-1640
27,E,1,1,0,0,1640,Clear,F,7/22/2017,7,Amit,e,722,NJ,NJ-F-0722-1640-1,NJ-F-0722-1640
27,W,1,1,0,0,1640,Clear,F,7/22/2017,7,Amit,w,722,NJ,NJ-F-0722-1640-1,NJ-F-0722-1640
34,W,0,0,0,0,1640,Clear,F,7/22/2017,7,Amit,w,722,NJ,NJ-F-0722-1640-0,NJ-F-0722-1640
27,W,0,0,0,1,1640,Clear,F,7/22/2017,7,Amit,w,722,NJ,NJ-F-0722-1640-0,NJ-F-0722-1640
23,E,0,0,0,1,1640,Clear,F,7/22/2017,7,Amit,e,722,NJ,NJ-F-0722-1640-0,NJ-F-0722-1640
32,E,0,1,0,1,1640,Clear,F,7/22/2017,7,Amit,e,722,NJ,NJ-F-0722-1640-0,NJ-F-0722-1640
27,E,0,1,0,1,1640,Clear,F,7/22/2017,7,Amit,e,722,NJ,NJ-F-0722-1640-0,NJ-F-0722-1640
32,E,0,1,0,1,1640,Clear,F,7/22/2017,7,Amit,e,722,NJ,NJ-F-0722-1640-0,NJ-F-0722-1640
27,E,0,1,0,1,1640,Clear,F,7/22/2017,7,Amit,e,722,NJ,NJ-F-0722-1640-0,NJ-F-0722-1640
28,W,0,1,0,1,1640,Clear,F,7/22/2017,7,Amit,w,722,NJ,NJ-F-0722-1640-0,NJ-F-0722-1640
30,W,0,0,0,0,1700,Clear,F,7/22/2017,7,Amit,w,722,NJ,NJ-F-0722-1700-0,NJ-F-0722-1700
25,E,0,0,0,0,1700,Clear,F,7/22/2017,7,Amit,e,722,NJ,NJ-F-0722-1700-0,NJ-F-0722-1700
29,E,0,1,0,0,1700,Clear,F,7/22/2017,7,Amit,e,722,NJ,NJ-F-0722-1700-0,NJ-F-0722-1700
29,W,0,1,0,0,1700,Clear,F,7/22/2017,7,Amit,w,722,NJ,NJ-F-0722-1700-0,NJ-F-0722-1700
24,W,0,0,0,1,1700,Clear,F,7/22/2017,7,Amit,w,722,NJ,NJ-F-0722-1700-0,NJ-F-0722-1700
28,E,0,0,0,1,1700,Clear,F,7/22/2017,7,Amit,e,722,NJ,NJ-F-0722-1700-0,NJ-F-0722-1700
26,W,0,1,0,0,1700,Clear,F,7/22/2017,7,Amit,w,722,NJ,NJ-F-0722-1700-0,NJ-F-0722-1700
22,E,0,0,0,0,1700,Clear,F,7/22/2017,7,Amit,e,722,NJ,NJ-F-0722-1700-0,NJ-F-0722-1700
27,W,0,1,0,0,1700,Clear,F,7/22/2017,7,Amit,w,722,NJ,NJ-F-0722-1700-0,NJ-F-0722-1700
24,E,0,0,0,1,1700,Clear,F,7/22/2017,7,Amit,e,722,NJ,NJ-F-0722-1700-0,NJ-F-0722-1700
28,W,0,1,0,1,1700,Clear,F,7/22/2017,7,Amit,w,722,NJ,NJ-F-0722-1700-0,NJ-F-0722-1700
26,W,0,0,0,0,1700,Clear,F,7/22/2017,7,Amit,w,722,NJ,NJ-F-0722-1700-0,NJ-F-0722-1700
22,E,0,0,0,0,1700,Clear,F,7/22/2017,7,Amit,e,722,NJ,NJ-F-0722-1700-0,NJ-F-0722-1700
27,E,0,1,0,0,1700,Clear,F,7/22/2017,7,Amit,e,722,NJ,NJ-F-0722-1700-0,NJ-F-0722-1700
26,E,0,1,0,0,1700,Clear,F,7/22/2017,7,Amit,e,722,NJ,NJ-F-0722-1700-0,NJ-F-0722-1700
27,W,0,1,0,0,1700,Clear,F,7/22/2017,7,Amit,w,722,NJ,NJ-F-0722-1700-0,NJ-F-0722-1700
28,W,0,0,0,0,1700,Clear,F,7/22/2017,7,Amit,w,722,NJ,NJ-F-0722-1700-0,NJ-F-0722-1700
28,E,0,0,0,0,1700,Clear,F,7/22/2017,7,Amit,e,722,NJ,NJ-F-0722-1700-0,NJ-F-0722-1700
21,W,1,1,0,1,1700,Clear,F,7/22/2017,7,Amit,w,722,NJ,NJ-F-0722-1700-1,NJ-F-0722-1700
22,E,1,0,0,1,1700,Clear,F,7/22/2017,7,Amit,e,722,NJ,NJ-F-0722-1700-1,NJ-F-0722-1700
30,W,1,1,0,0,1700,Clear,F,7/22/2017,7,Amit,w,722,NJ,NJ-F-0722-1700-1,NJ-F-0722-1700
34,E,1,0,0,0,1700,Clear,F,7/22/2017,7,Amit,e,722,NJ,NJ-F-0722-1700-1,NJ-F-0722-1700
24,W,1,1,0,0,1700,Clear,F,7/22/2017,7,Amit,w,722,NJ,NJ-F-0722-1700-1,NJ-F-0722-1700
30,E,1,0,0,0,1700,Clear,F,7/22/2017,7,Amit,e,722,NJ,NJ-F-0722-1700-1,NJ-F-0722-1700
31,W,1,1,0,0,1700,Clear,F,7/22/2017,7,Amit,w,722,NJ,NJ-F-0722-1700-1,NJ-F-0722-1700